dataset,model,seed,n_train,n_test,series_length,n_classes,total_time,peak_memory_mb,accuracy,f1_macro,f1_weighted,status,error_msg
ACSF1,lr_classifier,42,100,100,1460,10,0.6542159590026131,9.912319999999966,0.62,0.6138321300277821,0.6138321300277823,ok,
ACSF1,rf_classifier,42,100,100,1460,10,0.33146220799244475,6.24230399999999,0.79,0.7923733246158875,0.7923733246158875,ok,
ACSF1,dtw_1nn,42,100,100,1460,10,35.26342258301156,0.0655360000000087,0.64,0.6293171878001599,0.62931718780016,ok,
Adiac,lr_classifier,42,390,391,176,37,0.16442108400224242,0.21299200000004248,0.7365728900255755,0.7071510920347434,0.7189922306206125,ok,
Adiac,rf_classifier,42,390,391,176,37,0.39420399999653455,42.33625599999999,0.6470588235294118,0.625730245076943,0.631257892939963,ok,
Adiac,dtw_1nn,42,390,391,176,37,5.214861415995983,0.0,0.6035805626598465,0.5873144268810555,0.5903829861841625,ok,
AllGestureWiimoteX,lr_classifier,42,300,700,500,10,0.13177799999539275,2.1463040000000433,0.30428571428571427,0.30616171172322254,0.30616171172322254,ok,
AllGestureWiimoteX,rf_classifier,42,300,700,500,10,0.3665135829942301,11.108351999999968,0.5385714285714286,0.538444243181726,0.538444243181726,ok,
ACSF1,lr_classifier,42,100,100,1460,10,0.6378803749976214,7.995391999999981,0.62,0.6138321300277821,0.6138321300277823,ok,
ACSF1,rf_classifier,42,100,100,1460,10,0.32491420800215565,6.160384000000022,0.78,0.7806748755947841,0.7806748755947841,ok,
ACSF1,dtw_1nn,42,100,100,1460,10,35.280366292005056,0.0655360000000087,0.64,0.6293171878001599,0.62931718780016,ok,
Adiac,lr_classifier,42,390,391,176,37,0.16235529200639576,0.11468800000000101,0.7365728900255755,0.7071510920347434,0.7189922306206125,ok,
Adiac,rf_classifier,42,390,391,176,37,0.4145550420071231,43.024384,0.6368286445012787,0.610231605032084,0.6189952022778362,ok,
Adiac,dtw_1nn,42,390,391,176,37,5.169159124998259,-102.64576,0.6035805626598465,0.5873144268810555,0.5903829861841625,ok,
AllGestureWiimoteX,lr_classifier,42,300,700,500,10,0.1330420000012964,2.277376000000004,0.30428571428571427,0.30616171172322254,0.30616171172322254,ok,
AllGestureWiimoteX,rf_classifier,42,300,700,500,10,0.3865418750065146,17.51449600000001,0.5514285714285714,0.5507532755962592,0.5507532755962592,ok,
AllGestureWiimoteX,dtw_1nn,42,300,700,500,10,200.33441300000413,-225.72236800000002,0.71,0.7120650838303795,0.7120650838303796,ok,
AllGestureWiimoteY,lr_classifier,42,300,700,500,10,0.12117808299080934,11.354111999999986,0.36714285714285716,0.35655419137290584,0.35655419137290584,ok,
AllGestureWiimoteY,rf_classifier,42,300,700,500,10,0.3462168749974808,25.493504,0.5614285714285714,0.5551437270118854,0.5551437270118854,ok,
AllGestureWiimoteY,dtw_1nn,42,300,700,500,10,197.43983183400996,-12.615679999999998,0.6814285714285714,0.6811478932249109,0.6811478932249109,ok,
AllGestureWiimoteZ,lr_classifier,42,300,700,500,10,0.10405087500112131,2.768895999999984,0.3028571428571429,0.30103179249200146,0.3010317924920014,ok,
AllGestureWiimoteZ,rf_classifier,42,300,700,500,10,0.35196874999383,5.636096000000009,0.4614285714285714,0.4655415066143078,0.46554150661430793,ok,
AllGestureWiimoteZ,dtw_1nn,42,300,700,500,10,198.98169433299336,-12.697599999999994,0.6957142857142857,0.6998592084253883,0.6998592084253882,ok,
ArrowHead,lr_classifier,42,36,175,251,3,0.008205833000829443,0.0655360000000087,0.7314285714285714,0.7314328783746618,0.7270742777242409,ok,
ArrowHead,rf_classifier,42,36,175,251,3,0.3060482910077553,1.3598720000000242,0.72,0.7150814937074479,0.7222871290046862,ok,
ArrowHead,dtw_1nn,42,36,175,251,3,0.8092160420055734,0.0,0.7028571428571428,0.700157158632868,0.7066939709459394,ok,
Beef,lr_classifier,42,30,30,470,5,0.03183716599596664,0.360447999999991,0.9,0.9017316017316016,0.9017316017316016,ok,
Beef,rf_classifier,42,30,30,470,5,0.29983283299952745,0.704511999999994,0.7,0.6799999999999999,0.6799999999999999,ok,
Beef,dtw_1nn,42,30,30,470,5,0.5199594169971533,0.0,0.6333333333333333,0.6294017094017095,0.6294017094017094,ok,
BeetleFly,lr_classifier,42,20,20,512,2,0.00730779099103529,0.4259839999999997,0.85,0.849624060150376,0.849624060150376,ok,
BeetleFly,rf_classifier,42,20,20,512,2,0.28885937499580905,0.40960000000001173,0.8,0.7916666666666667,0.7916666666666667,ok,
BeetleFly,dtw_1nn,42,20,20,512,2,0.4004068749927683,0.03276800000000435,0.7,0.6703296703296704,0.6703296703296703,ok,
BirdChicken,lr_classifier,42,20,20,512,2,0.0077833339892094955,0.0,0.7,0.696969696969697,0.696969696969697,ok,
BirdChicken,rf_classifier,42,20,20,512,2,0.2979837909952039,0.03276800000000435,0.7,0.696969696969697,0.696969696969697,ok,
BirdChicken,dtw_1nn,42,20,20,512,2,0.3735812080121832,0.0,0.75,0.7442455242966752,0.7442455242966752,ok,
BME,lr_classifier,42,30,150,128,3,0.005408833996625617,0.11468800000000101,0.9066666666666666,0.9069185645272602,0.9069185645272603,ok,
BME,rf_classifier,42,30,150,128,3,0.29285608399368357,0.08191999999999666,0.9733333333333334,0.9735740450026164,0.9735740450026165,ok,
BME,dtw_1nn,42,30,150,128,3,0.2688383749919012,0.0,0.8933333333333333,0.8928612861286128,0.8928612861286128,ok,
Car,lr_classifier,42,60,60,577,4,0.017117458002758212,0.0,0.8333333333333334,0.8363005863005863,0.8374004957338291,ok,
Car,rf_classifier,42,60,60,577,4,0.3024001669982681,2.523135999999994,0.6833333333333333,0.6967742905242905,0.6943251964085297,ok,
Car,dtw_1nn,42,60,60,577,4,2.2530078750132816,0.0,0.7333333333333333,0.727910052910053,0.731410934744268,ok,
CBF,lr_classifier,42,30,900,128,3,0.006089041999075562,0.03276799999997593,0.8544444444444445,0.8539618954748106,0.8534521052417731,ok,
CBF,rf_classifier,42,30,900,128,3,0.3175513749883976,0.40960000000001173,0.8888888888888888,0.8890453284673857,0.8886894290897474,ok,
CBF,dtw_1nn,42,30,900,128,3,1.8723710000049323,0.0,0.9966666666666667,0.9966664991540614,0.9966702961064486,ok,
Chinatown,lr_classifier,42,20,343,24,2,0.0041765829955693334,0.016383999999987964,0.9825072886297376,0.9783021255060729,0.9826186836793711,ok,
Chinatown,rf_classifier,42,20,343,24,2,0.309608167008264,0.13107199999998898,0.9795918367346939,0.974765893493363,0.9797527015094049,ok,
Chinatown,dtw_1nn,42,20,343,24,2,0.04431441599444952,0.016384000000016385,0.9737609329446064,0.9677581074729751,0.9740448503655619,ok,
ChlorineConcentration,lr_classifier,42,467,3840,166,3,0.03444945899536833,5.210111999999981,0.7703125,0.7673193213380015,0.7716094898430046,ok,
ChlorineConcentration,rf_classifier,42,467,3840,166,3,0.38365558300574776,8.257535999999988,0.7203125,0.6421803456544651,0.6889299679246165,ok,
ChlorineConcentration,dtw_1nn,42,467,3840,166,3,148.7303703330108,-44.498943999999995,0.6484375,0.6067811896490738,0.6459410566941484,ok,
CinCECGTorso,lr_classifier,42,40,1380,1639,4,0.06839416599541437,1.9333120000000008,0.45362318840579713,0.46332645551345386,0.46349136915844286,ok,
CinCECGTorso,rf_classifier,42,40,1380,1639,4,0.3101662909903098,1.2124160000000188,0.7456521739130435,0.7278910654856667,0.7269516416938205,ok,
CinCECGTorso,dtw_1nn,42,40,1380,1639,4,545.4936570419959,-59.67052800000002,0.6507246376811594,0.646980106929103,0.6467828045498903,ok,
Coffee,lr_classifier,42,28,28,286,2,0.004639041013433598,0.11468800000000101,1.0,1.0,1.0,ok,
Coffee,rf_classifier,42,28,28,286,2,0.2920908340020105,0.37683199999997896,1.0,1.0,1.0,ok,
Coffee,dtw_1nn,42,28,28,286,2,0.08628212499024812,0.0,1.0,1.0,1.0,ok,
Computers,lr_classifier,42,250,250,720,2,0.014031416998477653,1.523711999999989,0.484,0.4837935174069628,0.4837935174069628,ok,
Computers,rf_classifier,42,250,250,720,2,0.3570979580108542,3.424256000000014,0.616,0.616,0.616,ok,
Computers,dtw_1nn,42,250,250,720,2,120.08834712499811,-45.53113599999999,0.7,0.6991866005679357,0.6991866005679358,ok,
CricketX,lr_classifier,42,390,390,300,12,0.08620062499539927,8.470527999999987,0.2794871794871795,0.2764253186258858,0.27962254881815907,ok,
CricketX,rf_classifier,42,390,390,300,12,0.3648682079947321,27.426815999999974,0.5794871794871795,0.5733756767454012,0.568652084040389,ok,
CricketX,dtw_1nn,42,390,390,300,12,53.60937766700226,-19.595264000000014,0.7538461538461538,0.7597749955834997,0.7550508595984429,ok,
CricketY,lr_classifier,42,390,390,300,12,0.07944975000282284,0.09830399999998463,0.3871794871794872,0.38999274776440024,0.391783731466848,ok,
CricketY,rf_classifier,42,390,390,300,12,0.37326708300679456,17.334272,0.6102564102564103,0.6132234762837016,0.6114443767162054,ok,
CricketY,dtw_1nn,42,390,390,300,12,52.76941258399165,-21.56134399999999,0.7435897435897436,0.751960272008498,0.7490091881353764,ok,
CricketZ,lr_classifier,42,390,390,300,12,0.0943695839960128,8.601600000000019,0.28717948717948716,0.2919306345019086,0.2969987046211346,ok,
CricketZ,rf_classifier,42,390,390,300,12,0.3654382500099018,6.1440000000000055,0.6051282051282051,0.5977578117161814,0.6068274018647429,ok,
CricketZ,dtw_1nn,42,390,390,300,12,53.531917208005325,-0.39321599999999535,0.7538461538461538,0.7520246630977417,0.7603388717867937,ok,
Crop,lr_classifier,42,7200,16800,46,24,0.36816420799004845,11.173888000000005,0.6873214285714285,0.6821858797432542,0.6821858797432541,ok,
Crop,rf_classifier,42,7200,16800,46,24,2.0173488750006072,417.87392,0.7589880952380952,0.7571002876456827,0.7571002876456828,ok,
Crop,dtw_1nn,42,7200,16800,46,24,1201.3756340420077,-502.85772800000007,0.6777380952380953,0.6731710700338613,0.6731710700338613,ok,
DiatomSizeReduction,lr_classifier,42,16,306,345,4,0.012640541011933237,8.48691199999999,0.9575163398692811,0.9375958961825233,0.9557982603746725,ok,
DiatomSizeReduction,rf_classifier,42,16,306,345,4,0.3135258750116918,6.111232000000001,0.8986928104575164,0.7716899008927913,0.86799769317934,ok,
DiatomSizeReduction,dtw_1nn,42,16,306,345,4,0.5683368750032969,0.04915199999999231,0.9673202614379085,0.9424648891814791,0.964971113893586,ok,
DistalPhalanxOutlineAgeGroup,lr_classifier,42,400,139,80,3,0.01339691600878723,0.09830400000001305,0.6906474820143885,0.6758562847981625,0.6927862475150428,ok,
DistalPhalanxOutlineAgeGroup,rf_classifier,42,400,139,80,3,0.32894108298933133,6.225920000000002,0.762589928057554,0.738441890166028,0.7635215965158908,ok,
DistalPhalanxOutlineAgeGroup,dtw_1nn,42,400,139,80,3,0.9077882080018753,0.016383999999987964,0.7697841726618705,0.762564597334043,0.7686770804262838,ok,
DistalPhalanxOutlineCorrect,lr_classifier,42,600,276,80,2,0.009786333990632556,0.1802240000000097,0.6413043478260869,0.6296306336834971,0.6405896306336836,ok,
DistalPhalanxOutlineCorrect,rf_classifier,42,600,276,80,2,0.4173319999972591,4.653056000000021,0.7608695652173914,0.7434077079107505,0.7545638945233266,ok,
DistalPhalanxOutlineCorrect,dtw_1nn,42,600,276,80,2,2.846017624993692,0.016383999999987964,0.717391304347826,0.6900305246789149,0.7053792547370845,ok,
DistalPhalanxTW,lr_classifier,42,400,139,80,6,0.03170500000123866,0.049152000000020735,0.5971223021582733,0.4820263400655558,0.604921705454926,ok,
DistalPhalanxTW,rf_classifier,42,400,139,80,6,0.33156320799025707,3.555328000000003,0.6690647482014388,0.46549735723488656,0.6226633528372237,ok,
DistalPhalanxTW,dtw_1nn,42,400,139,80,6,0.9009631670051022,0.0,0.5899280575539568,0.4744329384207026,0.5889187902816155,ok,
DodgerLoopDay,lr_classifier,42,67,77,288,7,0.012862624993431382,0.2949119999999823,0.5584415584415584,0.5504975872988295,0.560396779016203,ok,
DodgerLoopDay,rf_classifier,42,67,77,288,7,0.3180459580034949,2.064384000000018,0.6103896103896104,0.5644544194489389,0.5775767592939679,ok,
DodgerLoopDay,dtw_1nn,42,67,77,288,7,1.3801450839964673,0.0,0.45454545454545453,0.45334964561427454,0.4557757908975627,ok,
DodgerLoopGame,lr_classifier,42,17,127,288,2,0.004899415987893008,0.0,0.7637795275590551,0.7604376257545271,0.7611060061154327,ok,
DodgerLoopGame,rf_classifier,42,17,127,288,2,0.28474487499624956,0.0655360000000087,0.7086614173228346,0.7012524636022633,0.702363806660349,ok,
DodgerLoopGame,dtw_1nn,42,17,127,288,2,0.5986359170055948,0.0,0.8976377952755905,0.895986895986896,0.8962964396035262,ok,
DodgerLoopWeekend,lr_classifier,42,18,126,288,2,0.00474141699669417,0.016384000000016385,0.9841269841269841,0.9802197802197803,0.98426652712367,ok,
DodgerLoopWeekend,rf_classifier,42,18,126,288,2,0.30663854100566823,0.016383999999987964,0.9841269841269841,0.9802197802197803,0.98426652712367,ok,
DodgerLoopWeekend,dtw_1nn,42,18,126,288,2,0.6314719999936642,0.0,0.9523809523809523,0.9426055268751898,0.9535088860931558,ok,
Earthquakes,lr_classifier,42,322,139,512,2,0.00651641700824257,0.4095999999999833,0.6762589928057554,0.5382059800664452,0.663543583737661,ok,
Earthquakes,rf_classifier,42,322,139,512,2,0.35131041701242793,1.7694720000000075,0.7482014388489209,0.4279835390946502,0.6404357995085412,ok,
Earthquakes,dtw_1nn,42,322,139,512,2,45.71421616699081,-23.871488,0.7194244604316546,0.5317439751230889,0.6789025374673052,ok,
ECG200,lr_classifier,42,100,100,96,2,0.006007333999150433,0.1802240000000097,0.83,0.8236331569664903,0.8330158730158729,ok,
ECG200,rf_classifier,42,100,100,96,2,0.28950320900185034,1.0649600000000135,0.78,0.7549019607843137,0.7768627450980392,ok,
ECG200,dtw_1nn,42,100,100,96,2,0.35565645901078824,0.0,0.77,0.7488808821923791,0.769271754558358,ok,
ECG5000,lr_classifier,42,500,4500,140,5,0.03458666599181015,4.718592000000001,0.9015555555555556,0.5755659035650514,0.909388756650131,ok,
ECG5000,rf_classifier,42,500,4500,140,5,0.34141233400441706,7.028736000000009,0.9362222222222222,0.5363611838876835,0.9235475501463073,ok,
ECG5000,dtw_1nn,42,500,4500,140,5,176.990739957997,-57.065472,0.9244444444444444,0.5757763737763189,0.9212178336544515,ok,
ECGFiveDays,lr_classifier,42,23,861,136,2,0.007182082990766503,7.42195199999999,0.9698025551684089,0.9697633583662002,0.9697696804310726,ok,
ECGFiveDays,rf_classifier,42,23,861,136,2,0.32320275000529364,6.160383999999993,0.7955865272938444,0.7887399344203787,0.7885190765857508,ok,
ECGFiveDays,dtw_1nn,42,23,861,136,2,1.2964714169938816,0.08191999999999666,0.7677119628339141,0.7634927262339033,0.7633092811643375,ok,
ElectricDevices,lr_classifier,42,8926,7711,96,7,0.03753070799575653,10.371071999999998,0.447801841525094,0.3793834504287248,0.44929084600669317,ok,
ElectricDevices,rf_classifier,42,8926,7711,96,7,5.9863681249989895,227.508224,0.6533523537803139,0.552898823159048,0.6369943151977903,ok,
ElectricDevices,dtw_1nn,42,8926,7711,96,7,2784.1312659999967,-292.19225600000004,0.5959019582414732,0.5280037542191238,0.5910335919788037,ok,
EOGHorizontalSignal,lr_classifier,42,362,362,1250,12,0.7328696670010686,16.744448000000006,0.4005524861878453,0.40355273658411356,0.40346944273984564,ok,
EOGHorizontalSignal,rf_classifier,42,362,362,1250,12,0.41776858299272135,24.100864,0.47513812154696133,0.4530631249059769,0.45168654415723436,ok,
EOGHorizontalSignal,dtw_1nn,42,362,362,1250,12,723.4404361670022,-35.30752000000001,0.4419889502762431,0.4519488421105276,0.4522257686046027,ok,
EOGVerticalSignal,lr_classifier,42,362,362,1250,12,0.6050527089973912,8.617984000000007,0.3674033149171271,0.338823821899672,0.33974535145373014,ok,
EOGVerticalSignal,rf_classifier,42,362,362,1250,12,0.44551454100292176,20.807680000000005,0.39502762430939226,0.37991513339666155,0.380825955988181,ok,
EOGVerticalSignal,dtw_1nn,42,362,362,1250,12,706.2679115000064,-39.501824,0.43370165745856354,0.42178546901917136,0.4204969767929238,ok,
EthanolLevel,lr_classifier,42,504,500,1751,4,0.20357595800305717,17.940480000000008,0.74,0.7362575945657166,0.7362964131195358,ok,
EthanolLevel,rf_classifier,42,504,500,1751,4,0.5624616249988321,142.44249599999998,0.482,0.45145898864882006,0.45140218265293697,ok,
EthanolLevel,dtw_1nn,42,504,500,1751,4,573.208227125011,-213.49990400000002,0.276,0.2755972484769396,0.2756543528420653,ok,
FaceAll,lr_classifier,42,560,1690,131,14,0.01277762500103563,9.945087999999998,0.763905325443787,0.7291079217334288,0.7636937740571149,ok,
FaceAll,rf_classifier,42,560,1690,131,14,0.32511804200476035,31.309823999999992,0.8088757396449704,0.8119724305293081,0.8126813558231277,ok,
FaceAll,dtw_1nn,42,560,1690,131,14,39.194682750006905,0.08191999999999666,0.8076923076923077,0.8146439845815306,0.8038381543223357,ok,
FaceFour,lr_classifier,42,24,88,350,4,0.004326375012169592,0.6553599999999733,0.8636363636363636,0.8650693035835023,0.8641127297313909,ok,
FaceFour,rf_classifier,42,24,88,350,4,0.20111637499940116,1.163263999999998,0.8522727272727273,0.8663102972323362,0.852634126659614,ok,
FaceFour,dtw_1nn,42,24,88,350,4,0.5903430830076104,0.0,0.8295454545454546,0.8238437001594896,0.8281789183703059,ok,
FacesUCR,lr_classifier,42,200,2050,131,14,0.009011500005726703,2.424832000000009,0.7307317073170732,0.7024669069649339,0.7328138198536732,ok,
FacesUCR,rf_classifier,42,200,2050,131,14,0.23622312500083353,14.188544000000007,0.786829268292683,0.7488116086376867,0.7854464084106861,ok,
FacesUCR,dtw_1nn,42,200,2050,131,14,17.48467945799348,0.0,0.9048780487804878,0.882229361756064,0.9037677388450984,ok,
FiftyWords,lr_classifier,42,450,455,270,50,0.16921666699636262,3.194880000000012,0.5846153846153846,0.43920372606607677,0.5808653974360865,ok,
FiftyWords,rf_classifier,42,450,455,270,50,0.4717000830132747,73.74438400000003,0.6857142857142857,0.5191425091070868,0.651624302181735,ok,
FiftyWords,dtw_1nn,42,450,455,270,50,32.83002687500266,0.016384000000016385,0.6901098901098901,0.5584802889246214,0.680728989688991,ok,
Fish,lr_classifier,42,175,175,463,7,0.029823290999047458,0.4259839999999713,0.8457142857142858,0.8491763163198343,0.8516165002493798,ok,
Fish,rf_classifier,42,175,175,463,7,0.22154937499726657,4.063231999999971,0.8057142857142857,0.8087133212788544,0.8089286644456062,ok,
Fish,dtw_1nn,42,175,175,463,7,5.339185332995839,0.0,0.8228571428571428,0.8167510366341124,0.8208584062605806,ok,
FordA,lr_classifier,42,3601,1320,500,2,0.07477024999388959,0.26214399999997795,0.4946969696969697,0.494380957795592,0.49397876083020215,ok,
FordA,rf_classifier,42,3601,1320,500,2,3.3426804170012474,16.580607999999984,0.781060606060606,0.7800150970031469,0.7804976396450511,ok,
FordA,dtw_1nn,42,3601,1320,500,2,2723.360501959003,-220.7744,0.5545454545454546,0.5519741399214961,0.5530540920635587,ok,
FordB,lr_classifier,42,3636,810,500,2,0.05240812498959713,9.240576000000004,0.4888888888888889,0.48606896551724144,0.4864449553001277,ok,
FordB,rf_classifier,42,3636,810,500,2,3.7668929579958785,50.16780799999998,0.6567901234567901,0.6534092658149915,0.6530711800508117,ok,
FordB,dtw_1nn,42,3636,810,500,2,1698.8490391249943,-118.603776,0.6197530864197531,0.6190004948045522,0.6188332522233965,ok,
FreezerRegularTrain,lr_classifier,42,150,2850,301,2,0.006242125004064292,7.503872000000001,0.9817543859649123,0.9817487684729065,0.9817487684729065,ok,
FreezerRegularTrain,rf_classifier,42,150,2850,301,2,0.2339732499967795,7.028735999999981,0.9519298245614035,0.9518849883011944,0.9518849883011944,ok,
FreezerRegularTrain,dtw_1nn,42,150,2850,301,2,64.6976597920002,-2.06438399999999,0.8989473684210526,0.8989254175976168,0.8989254175976168,ok,
FreezerSmallTrain,lr_classifier,42,28,2850,301,2,0.004714209004305303,0.09830400000001305,0.8136842105263158,0.8134499233817689,0.8134499233817689,ok,
FreezerSmallTrain,rf_classifier,42,28,2850,301,2,0.19279533399094362,0.9830399999999884,0.7452631578947368,0.7444374288560045,0.7444374288560046,ok,
FreezerSmallTrain,dtw_1nn,42,28,2850,301,2,11.856409874992096,-36.405248,0.7589473684210526,0.7586321117973602,0.7586321117973602,ok,
Fungi,lr_classifier,42,18,186,201,18,0.011874875010107644,8.84735999999998,0.8440860215053764,0.8705380279437,0.8448446070940269,ok,
Fungi,rf_classifier,42,18,186,201,18,0.2504503329982981,9.797631999999993,0.7741935483870968,0.8043420078746166,0.7675916947393104,ok,
Fungi,dtw_1nn,42,18,186,201,18,0.31731412500084843,0.03276800000000435,0.7956989247311828,0.77213081671415,0.7870348543332414,ok,
GestureMidAirD1,lr_classifier,42,208,130,360,26,0.15134645799116697,3.5225599999999986,0.5846153846153846,0.5699018929788161,0.569901892978816,ok,
GestureMidAirD1,rf_classifier,42,208,130,360,26,0.23199829200166278,21.364735999999994,0.5153846153846153,0.4847632237308351,0.484763223730835,ok,
GestureMidAirD1,dtw_1nn,42,208,130,360,26,7.718845875002444,0.016384000000016385,0.4461538461538462,0.45748439594593443,0.45748439594593443,ok,
GestureMidAirD2,lr_classifier,42,208,130,360,26,0.16782987500482704,0.0,0.5923076923076923,0.5948283742401389,0.594828374240139,ok,
GestureMidAirD2,rf_classifier,42,208,130,360,26,0.22529299999587238,15.99078399999999,0.4076923076923077,0.41346320220754607,0.4134632022075461,ok,
GestureMidAirD2,dtw_1nn,42,208,130,360,26,8.294516458990984,-71.303168,0.3230769230769231,0.3147175474098551,0.31471754740985514,ok,
GestureMidAirD3,lr_classifier,42,208,130,360,26,0.17126637499313802,11.419647999999995,0.33076923076923076,0.33772223944637736,0.3377222394463773,ok,
GestureMidAirD3,rf_classifier,42,208,130,360,26,0.2320017920137616,29.80249600000002,0.2,0.1890163255547871,0.1890163255547871,ok,
GestureMidAirD3,dtw_1nn,42,208,130,360,26,8.163242708003963,0.03276800000000435,0.17692307692307693,0.17088467088467085,0.17088467088467085,ok,
GesturePebbleZ1,lr_classifier,42,132,172,455,6,0.028765374998329207,0.5406720000000007,0.6976744186046512,0.6824965463046858,0.6897909623352431,ok,
GesturePebbleZ1,rf_classifier,42,132,172,455,6,0.21465212499606423,3.801087999999993,0.6744186046511628,0.6617176684663929,0.6611956440667208,ok,
GesturePebbleZ1,dtw_1nn,42,132,172,455,6,11.46297966700513,-71.794688,0.686046511627907,0.6842708890454707,0.6912984206289816,ok,
GesturePebbleZ2,lr_classifier,42,146,158,455,6,0.02990249999857042,9.224192000000002,0.5126582278481012,0.46851310833868975,0.48220493567858896,ok,
GesturePebbleZ2,rf_classifier,42,146,158,455,6,0.21661012500408106,9.535488000000015,0.6455696202531646,0.6306963026479225,0.6264396767312582,ok,
GesturePebbleZ2,dtw_1nn,42,146,158,455,6,11.275191458000336,-1.7858560000000239,0.6708860759493671,0.673553589247481,0.6775666842580719,ok,
GunPoint,lr_classifier,42,50,150,150,2,0.0035096670035272837,0.19660799999999767,0.8533333333333334,0.8529149581030486,0.8530195519106198,ok,
GunPoint,rf_classifier,42,50,150,150,2,0.19469320900680032,1.1141119999999773,0.9333333333333333,0.933143162774113,0.9331907054139181,ok,
GunPoint,dtw_1nn,42,50,150,150,2,0.2790290830016602,0.0,0.9066666666666666,0.9066500711237553,0.9066334755808441,ok,
GunPointAgeSpan,lr_classifier,42,135,316,150,2,0.003508791996864602,0.0655360000000087,0.8924050632911392,0.8922496790757382,0.8923014738142051,ok,
GunPointAgeSpan,rf_classifier,42,135,316,150,2,0.20276029099477455,1.3598719999999958,0.9651898734177216,0.9651895248109759,0.9651909192379584,ok,
GunPointAgeSpan,dtw_1nn,42,135,316,150,2,2.1213130419928348,0.0,0.9841772151898734,0.9841770567322617,0.9841764229018152,ok,
GunPointMaleVersusFemale,lr_classifier,42,135,316,150,2,0.0032793749996926636,0.0,0.990506329113924,0.9904787730874687,0.9905047081711914,ok,
GunPointMaleVersusFemale,rf_classifier,42,135,316,150,2,0.20628687499265652,0.11468800000000101,0.9683544303797469,0.9682002978706274,0.968312394240896,ok,
GunPointMaleVersusFemale,dtw_1nn,42,135,316,150,2,2.122900166999898,0.0,0.9841772151898734,0.9841312884791146,0.9841745136186525,ok,
GunPointOldVersusYoung,lr_classifier,42,136,315,150,2,0.003040874988073483,0.0,1.0,1.0,1.0,ok,
GunPointOldVersusYoung,rf_classifier,42,136,315,150,2,0.19978779199300334,0.04915199999999231,1.0,1.0,1.0,ok,
GunPointOldVersusYoung,dtw_1nn,42,136,315,150,2,2.1119360419979785,0.0,1.0,1.0,1.0,ok,
Ham,lr_classifier,42,109,105,431,2,0.004418917000293732,0.03276800000000435,0.6476190476190476,0.6464646464646464,0.647041847041847,ok,
Ham,rf_classifier,42,109,105,431,2,0.20859820900659543,0.3112959999999987,0.7047619047619048,0.7037947037947038,0.7042783042783043,ok,
Ham,dtw_1nn,42,109,105,431,2,3.9414118330023484,-29.392895999999993,0.4666666666666667,0.46661828737300437,0.46647314949201746,ok,
HandOutlines,lr_classifier,42,1000,370,2709,2,0.11759224999696016,10.731520000000017,0.8432432432432433,0.8308904649330182,0.8437373543756522,ok,
HandOutlines,rf_classifier,42,1000,370,2709,2,1.7274031249980908,18.006016000000017,0.9,0.8915995597469337,0.9000815576723598,ok,
HandOutlines,lr_classifier,42,1000,370,2709,2,0.14184358400234487,0.4915200000000368,0.8432432432432433,0.8308904649330182,0.8437373543756522,ok,
HandOutlines,rf_classifier,42,1000,370,2709,2,3.0056840420002118,16.072703999999987,0.9081081081081082,0.9002252466609562,0.9081081081081082,ok,
HandOutlines,dtw_1nn,42,1000,370,2709,2,3236.1457737500023,-269.582336,0.8810810810810811,0.8660346927355913,0.8786542442511635,ok,
Haptics,lr_classifier,42,155,308,1092,5,0.07778879201214295,12.533760000000001,0.37337662337662336,0.35927409748203665,0.3618301876049471,ok,
Haptics,rf_classifier,42,155,308,1092,5,0.2458766670024488,11.960319999999996,0.44805194805194803,0.41295443875373455,0.4149617713166049,ok,
Haptics,dtw_1nn,42,155,308,1092,5,99.27008733300318,-14.204927999999995,0.37662337662337664,0.37899970419010043,0.37992585222809494,ok,
Herring,lr_classifier,42,64,64,512,2,0.005506957997567952,0.1802240000000097,0.640625,0.6133438402941949,0.6326011294982926,ok,
Herring,rf_classifier,42,64,64,512,2,0.18929591600317508,2.1463039999999864,0.578125,0.5155592935239698,0.5482022708158116,ok,
Herring,dtw_1nn,42,64,64,512,2,0.8453167080006097,0.016384000000016385,0.53125,0.5195195195195195,0.5335960960960962,ok,
HouseTwenty,lr_classifier,42,40,119,2000,2,0.005935833003604785,2.097151999999994,0.7226890756302521,0.718796992481203,0.724079105326341,ok,
HouseTwenty,rf_classifier,42,40,119,2000,2,0.20174229200347327,0.8683519999999874,0.7142857142857143,0.7118233618233618,0.716076516076516,ok,
HouseTwenty,dtw_1nn,42,40,119,2000,2,42.59062391601037,-58.179584000000006,0.8403361344537815,0.838095238095238,0.8411364545818326,ok,
InlineSkate,lr_classifier,42,100,550,1882,7,0.33298179200210143,16.859136000000007,0.2727272727272727,0.27186219081749996,0.2700588970067872,ok,
InlineSkate,rf_classifier,42,100,550,1882,7,0.2296366670052521,10.059776,0.3472727272727273,0.3596736283404348,0.34680510680811977,ok,
InlineSkate,dtw_1nn,42,100,550,1882,7,332.80095049999363,0.03276800000000435,0.3836363636363636,0.3935833081568156,0.3843411361365249,ok,
InsectEPGRegularTrain,lr_classifier,42,62,249,601,3,0.008494458001223393,1.4745599999999968,1.0,1.0,1.0,ok,
InsectEPGRegularTrain,rf_classifier,42,62,249,601,3,0.2065533749992028,0.704511999999994,1.0,1.0,1.0,ok,
InsectEPGRegularTrain,dtw_1nn,42,62,249,601,3,12.076262916001724,-39.87865600000001,1.0,1.0,1.0,ok,
InsectEPGSmallTrain,lr_classifier,42,17,249,601,3,0.006735582996043377,1.7203200000000152,1.0,1.0,1.0,ok,
InsectEPGSmallTrain,rf_classifier,42,17,249,601,3,0.1960373340116348,0.22937600000000202,1.0,1.0,1.0,ok,
InsectEPGSmallTrain,dtw_1nn,42,17,249,601,3,3.252752167012659,0.0,1.0,1.0,1.0,ok,
InsectWingbeatSound,lr_classifier,42,220,1980,256,11,0.039563083002576604,2.5886720000000025,0.5828282828282828,0.5859693003414369,0.5859693003414369,ok,
InsectWingbeatSound,rf_classifier,42,220,1980,256,11,0.23083091599983163,11.862016000000011,0.6424242424242425,0.640643051647818,0.6406430516478179,ok,
InsectWingbeatSound,dtw_1nn,42,220,1980,256,11,63.9308367499907,-32.129024000000015,0.35505050505050506,0.3581225560759578,0.3581225560759577,ok,
ItalyPowerDemand,lr_classifier,42,67,1029,24,2,0.002894916004152037,0.24575999999999,0.9620991253644315,0.9620968343664436,0.9620959752421981,ok,
ItalyPowerDemand,rf_classifier,42,67,1029,24,2,0.20369437499903142,1.867775999999992,0.9689018464528668,0.9689018170828454,0.9689017289727809,ok,
ItalyPowerDemand,dtw_1nn,42,67,1029,24,2,0.28787170800205786,0.016384000000016385,0.9504373177842566,0.9504326364993894,0.9504312321139293,ok,
LargeKitchenAppliances,lr_classifier,42,375,375,720,3,0.01490291599475313,4.603904,0.392,0.392153634463293,0.392153634463293,ok,
LargeKitchenAppliances,rf_classifier,42,375,375,720,3,0.29534950001107063,9.469952000000006,0.5786666666666667,0.5784421015169714,0.5784421015169714,ok,
LargeKitchenAppliances,dtw_1nn,42,375,375,720,3,185.2911664169951,-99.79494399999999,0.7946666666666666,0.7946036089438578,0.7946036089438578,ok,
Lightning2,lr_classifier,42,60,61,637,2,0.006428874999983236,7.634944000000004,0.7377049180327869,0.7318681318681319,0.7351107908484957,ok,
Lightning2,rf_classifier,42,60,61,637,2,0.2069809999957215,7.733247999999989,0.7704918032786885,0.7674291938997821,0.7696167720275724,ok,
Lightning2,dtw_1nn,42,60,61,637,2,3.1362798339978326,0.049152000000006524,0.8688524590163934,0.8644444444444443,0.866448087431694,ok,
Lightning7,lr_classifier,42,70,73,319,7,0.01387974999670405,0.7864319999999907,0.6575342465753424,0.6083824388172214,0.6278934420089869,ok,
Lightning7,rf_classifier,42,70,73,319,7,0.1937804579938529,2.6869760000000014,0.7534246575342466,0.7235209235209236,0.7358239933582399,ok,
Lightning7,dtw_1nn,42,70,73,319,7,1.145256417003111,0.016384000000002175,0.726027397260274,0.696286548446017,0.7258205318097003,ok,
Mallat,lr_classifier,42,55,2345,1024,8,0.02537766599562019,2.048000000000002,0.823454157782516,0.8147758255774625,0.8138423665177621,ok,
Mallat,rf_classifier,42,55,2345,1024,8,0.21877770900027826,1.523711999999989,0.8567164179104477,0.8337900397418111,0.8325148460376661,ok,
Mallat,dtw_1nn,42,55,2345,1024,8,142.49799220799468,-39.469055999999995,0.9339019189765458,0.9337984790096594,0.9339604790859405,ok,
Meat,lr_classifier,42,60,60,448,3,0.00518233299953863,0.589823999999993,0.9333333333333333,0.9315770677086616,0.9315770677086616,ok,
Meat,rf_classifier,42,60,60,448,3,0.19592549999651965,0.5242879999999985,0.95,0.9497171590194845,0.9497171590194846,ok,
Meat,dtw_1nn,42,60,60,448,3,0.4892753339954652,0.016384000000002175,0.9333333333333333,0.934609250398724,0.934609250398724,ok,
MedicalImages,lr_classifier,42,381,760,99,10,0.023582833004184067,0.9011199999999917,0.5092105263157894,0.5198364735409507,0.5283571413563318,ok,
MedicalImages,rf_classifier,42,381,760,99,10,0.23944012499123346,19.857407999999992,0.6947368421052632,0.6041124502871253,0.6648888265029581,ok,
MedicalImages,dtw_1nn,42,381,760,99,10,6.912143000008655,0.0,0.7368421052631579,0.7435326381417837,0.7438007078882826,ok,
MelbournePedestrian,lr_classifier,42,1138,2319,24,10,0.020351500003016554,0.7372799999999984,0.901250539025442,0.8930807082237073,0.9011382431529501,ok,
MelbournePedestrian,rf_classifier,42,1138,2319,24,10,0.30590241600293666,2.53952000000001,0.9667960327727468,0.9657626911792884,0.9667205055851068,ok,
MelbournePedestrian,dtw_1nn,42,1138,2319,24,10,10.901516874990193,-47.18592000000001,0.8766709788702026,0.8723861450489698,0.8766377379261555,ok,
MiddlePhalanxOutlineCorrect,lr_classifier,42,600,291,80,2,0.006606708004255779,0.6717439999999897,0.5910652920962199,0.5887145622765657,0.5930954678495577,ok,
MiddlePhalanxOutlineCorrect,rf_classifier,42,600,291,80,2,0.3011445000011008,8.896512000000001,0.8144329896907216,0.8059041501976285,0.811636648873314,ok,
MiddlePhalanxOutlineCorrect,dtw_1nn,42,600,291,80,2,1.4083874999923864,0.0,0.697594501718213,0.6914698795180723,0.697594501718213,ok,
MiddlePhalanxOutlineAgeGroup,lr_classifier,42,400,154,80,3,0.010315874998923391,0.06553599999999449,0.5844155844155844,0.507990483443435,0.5792640669639766,ok,
MiddlePhalanxOutlineAgeGroup,rf_classifier,42,400,154,80,3,0.21733862500695977,5.619711999999993,0.564935064935065,0.4569869614512471,0.5418613062107961,ok,
MiddlePhalanxOutlineAgeGroup,dtw_1nn,42,400,154,80,3,0.4860059589991579,0.0,0.5,0.41100203084399745,0.4878985515508782,ok,
MiddlePhalanxTW,lr_classifier,42,399,154,80,6,0.015035165997687727,0.03276800000000435,0.5064935064935064,0.3984543616643445,0.5157078087063335,ok,
MiddlePhalanxTW,rf_classifier,42,399,154,80,6,0.22224170799017884,8.126464000000013,0.5714285714285714,0.4143327343006573,0.5587105197598954,ok,
MiddlePhalanxTW,dtw_1nn,42,399,154,80,6,0.4910116249957355,0.0,0.5064935064935064,0.3743748175660033,0.510660810412826,ok,
MixedShapesRegularTrain,lr_classifier,42,500,2425,1024,5,0.13519979199918453,0.44236799999998766,0.825979381443299,0.8271883078708306,0.8241043114920009,ok,
MixedShapesRegularTrain,rf_classifier,42,500,2425,1024,5,0.36351245899277274,2.9982720000000143,0.8746391752577319,0.8751525697518453,0.8738425863239314,ok,
MixedShapesRegularTrain,dtw_1nn,42,500,2425,1024,5,2706.1692218750104,-137.232384,0.8416494845360825,0.8372666360846296,0.8381703160295817,ok,
MixedShapesSmallTrain,lr_classifier,42,100,2425,1024,5,0.03248937499301974,9.093119999999999,0.777319587628866,0.777151325708739,0.7788351266498728,ok,
MixedShapesSmallTrain,rf_classifier,42,100,2425,1024,5,0.21769812499405816,7.503871999999987,0.7793814432989691,0.7758485789184343,0.7742369856410003,ok,
MixedShapesSmallTrain,dtw_1nn,42,100,2425,1024,5,535.341381834005,-47.972352,0.7797938144329897,0.7744920910232397,0.7721413015887372,ok,
MoteStrain,lr_classifier,42,20,1252,84,2,0.0045188749936642125,7.471104000000011,0.8618210862619808,0.8607657510849351,0.8617145845468661,ok,
MoteStrain,rf_classifier,42,20,1252,84,2,0.2028334999922663,6.275072000000009,0.8881789137380192,0.8873715838146129,0.888117983177762,ok,
MoteStrain,dtw_1nn,42,20,1252,84,2,0.46016424999106675,0.016384000000002175,0.8346645367412141,0.8336661115015451,0.8346748297849219,ok,
NonInvasiveFetalECGThorax1,lr_classifier,42,1800,1965,750,42,0.18715312500717118,22.675455999999997,0.9027989821882951,0.9003378049906067,0.9031848644396314,ok,
NonInvasiveFetalECGThorax1,rf_classifier,42,1800,1965,750,42,1.36185120898881,146.931712,0.8809160305343512,0.8761361433813878,0.8798804414964122,ok,
NonInvasiveFetalECGThorax1,dtw_1nn,42,1800,1965,750,42,2162.557094542004,-250.20006399999997,0.7903307888040713,0.7855667054634106,0.7881028406283622,ok,
NonInvasiveFetalECGThorax2,lr_classifier,42,1800,1965,750,42,0.17527958401478827,33.75103999999999,0.9292620865139949,0.9253569840631467,0.9292283863381703,ok,
NonInvasiveFetalECGThorax2,rf_classifier,42,1800,1965,750,42,1.3611095000233036,118.505472,0.9104325699745547,0.9067382212808186,0.9099121532624009,ok,
NonInvasiveFetalECGThorax2,dtw_1nn,42,1800,1965,750,42,2288.3128644170065,-192.26623999999998,0.8646310432569975,0.8603827900146861,0.865296944668749,ok,
OliveOil,lr_classifier,42,30,30,570,4,0.010680624982342124,8.142847999999994,0.9333333333333333,0.9302944862155388,0.9318295739348371,ok,
OliveOil,rf_classifier,42,30,30,570,4,0.19872850002138875,6.717439999999996,0.9,0.8735087719298245,0.8917660818713451,ok,
OliveOil,dtw_1nn,42,30,30,570,4,0.06947137499810196,0.016384000000002175,0.8333333333333334,0.774332075247407,0.8326428720021397,ok,
OSULeaf,lr_classifier,42,200,242,427,6,0.022823415987659246,1.4254080000000044,0.45041322314049587,0.43086444680423225,0.4473636106946598,ok,
OSULeaf,rf_classifier,42,200,242,427,6,0.22140499998931773,7.962623999999991,0.49173553719008267,0.4676371720184913,0.46227783290934604,ok,
OSULeaf,dtw_1nn,42,200,242,427,6,20.374856457987335,-12.189695999999998,0.5909090909090909,0.5883379835202379,0.5832251114402914,ok,
PhalangesOutlinesCorrect,lr_classifier,42,1800,858,80,2,0.010652458004187793,1.5073280000000011,0.6585081585081585,0.6440363335150481,0.6602648540275534,ok,
PhalangesOutlinesCorrect,rf_classifier,42,1800,858,80,2,0.7482162080123089,23.052288000000004,0.8181818181818182,0.7961622807017543,0.8113104731525785,ok,
PhalangesOutlinesCorrect,dtw_1nn,42,1800,858,80,2,13.683377790992381,0.0,0.7284382284382285,0.6978485116416151,0.7195862591088056,ok,
Phoneme,lr_classifier,42,214,1896,1024,39,0.09287508300621994,18.25177599999998,0.0938818565400844,0.03716330652422377,0.07873635854961589,ok,
Phoneme,rf_classifier,42,214,1896,1024,39,0.48028066600090824,43.07353600000002,0.13660337552742616,0.03541251396994641,0.07799330213394463,ok,
Phoneme,dtw_1nn,42,214,1896,1024,39,979.6515849579882,-135.08608,0.22837552742616032,0.13050194466267956,0.2270518064052957,ok,
PickupGestureWiimoteZ,lr_classifier,42,50,50,361,10,0.026425124990055338,7.716864000000001,0.68,0.6685569985569987,0.6685569985569986,ok,
PickupGestureWiimoteZ,rf_classifier,42,50,50,361,10,0.2365282500104513,7.4383359999999925,0.72,0.7170435120435121,0.7170435120435121,ok,
PickupGestureWiimoteZ,dtw_1nn,42,50,50,361,10,0.7297486669849604,0.03276800000000435,0.74,0.7284792984792985,0.7284792984792984,ok,
PigAirwayPressure,lr_classifier,42,104,208,2000,52,3.0951241250149906,45.318144000000004,0.08173076923076923,0.06979452171759865,0.06979452171759865,ok,
PigAirwayPressure,rf_classifier,42,104,208,2000,52,0.2981959999888204,14.303232000000008,0.10096153846153846,0.08157190032190033,0.08157190032190033,ok,
PigAirwayPressure,dtw_1nn,42,104,208,2000,52,185.1240685840021,-69.763072,0.18269230769230768,0.18652613412228794,0.18652613412228794,ok,
PigArtPressure,lr_classifier,42,104,208,2000,52,0.8238438749976922,8.81459199999999,0.16826923076923078,0.15164296173911557,0.15164296173911557,ok,
PigArtPressure,rf_classifier,42,104,208,2000,52,0.2779892919934355,16.039935999999983,0.18269230769230768,0.1758923234884773,0.1758923234884773,ok,
PigArtPressure,dtw_1nn,42,104,208,2000,52,197.48219204202178,-7.159807999999998,0.4807692307692308,0.4576645576645576,0.4576645576645576,ok,
PigCVP,lr_classifier,42,104,208,2000,52,0.5669352089753374,2.064384000000018,0.10096153846153846,0.08494283494283494,0.08494283494283494,ok,
PigCVP,rf_classifier,42,104,208,2000,52,0.2901138750021346,1.63839999999999,0.10576923076923077,0.10035978978286672,0.10035978978286672,ok,
PigCVP,dtw_1nn,42,104,208,2000,52,200.48291779198917,-2.768895999999984,0.3269230769230769,0.30705715224945995,0.30705715224945995,ok,
PLAID,lr_classifier,42,537,537,1345,11,0.5313389590010047,5.898239999999987,0.2644320297951583,0.2782568009606978,0.3102831915573689,ok,
PLAID,rf_classifier,42,537,537,1345,11,0.4681730000011157,24.870911999999976,0.7970204841713222,0.7127663141264353,0.7857865627532483,ok,
PLAID,dtw_1nn,42,537,537,1345,11,1185.7688584999996,-132.661248,0.8975791433891993,0.854834617667174,0.8927228055299157,ok,
Plane,lr_classifier,42,105,105,144,7,0.007895833987277001,8.011775999999998,0.9809523809523809,0.9815476190476191,0.9809523809523809,ok,
Plane,rf_classifier,42,105,105,144,7,0.20744945900514722,7.520255999999989,0.9904761904761905,0.9907448872966115,0.9904562870080112,ok,
Plane,dtw_1nn,42,105,105,144,7,0.4607747500122059,0.016384000000002175,1.0,1.0,1.0,ok,
PowerCons,lr_classifier,42,180,180,144,2,0.0032557919912505895,0.360447999999991,0.9888888888888889,0.9888875169774046,0.9888875169774047,ok,
PowerCons,rf_classifier,42,180,180,144,2,0.2022284170088824,1.2287999999999926,1.0,1.0,1.0,ok,
PowerCons,dtw_1nn,42,180,180,144,2,1.5928715000045486,0.0,0.9222222222222223,0.9221357063403781,0.9221357063403782,ok,
ProximalPhalanxOutlineCorrect,lr_classifier,42,600,291,80,2,0.006232999992789701,0.2949119999999965,0.8350515463917526,0.8144329896907216,0.8371771707939206,ok,
ProximalPhalanxOutlineCorrect,rf_classifier,42,600,291,80,2,0.37276441598078236,140.03404799999998,0.8762886597938144,0.8423618634886241,0.8692519909305157,ok,
ProximalPhalanxOutlineCorrect,dtw_1nn,42,600,291,80,2,1.2721858749864623,0.03276799999997593,0.7835051546391752,0.7252454102660173,0.7717662509221956,ok,
ProximalPhalanxOutlineAgeGroup,lr_classifier,42,400,205,80,3,0.008130875008646399,0.6062080000000094,0.8390243902439024,0.7489595655919489,0.841156195734294,ok,
ProximalPhalanxOutlineAgeGroup,rf_classifier,42,400,205,80,3,0.2197154170135036,4.243455999999981,0.8536585365853658,0.7710472541507025,0.8549855153723951,ok,
ProximalPhalanxOutlineAgeGroup,dtw_1nn,42,400,205,80,3,0.6102532090153545,0.0,0.8048780487804879,0.7158730158730159,0.800580720092915,ok,
ProximalPhalanxTW,lr_classifier,42,400,205,80,6,0.02265895900200121,0.08191999999999666,0.7170731707317073,0.4921697596116201,0.7273896079341342,ok,
ProximalPhalanxTW,rf_classifier,42,400,205,80,6,0.21975754099548794,3.506175999999982,0.8097560975609757,0.4973123931658272,0.7775442120323516,ok,
ProximalPhalanxTW,dtw_1nn,42,400,205,80,6,0.6209260000032373,0.0,0.7560975609756098,0.5111601301176205,0.7344878709384339,ok,
RefrigerationDevices,lr_classifier,42,375,375,720,3,0.010863541974686086,4.734976000000017,0.37066666666666664,0.3709459805821262,0.37094598058212613,ok,
RefrigerationDevices,rf_classifier,42,375,375,720,3,0.28702474999590777,0.589823999999993,0.52,0.4972912289375026,0.49729122893750266,ok,
RefrigerationDevices,dtw_1nn,42,375,375,720,3,167.38464754199958,-25.98502400000001,0.464,0.46960003481742607,0.4696000348174261,ok,
Rock,lr_classifier,42,20,50,2844,4,0.07962649999535643,3.424256000000014,0.84,0.8293987988755431,0.8364669051878354,ok,
Rock,rf_classifier,42,20,50,2844,4,0.201901958003873,0.475135999999992,0.68,0.6304652213188798,0.6822186088527552,ok,
Rock,dtw_1nn,42,20,50,2844,4,16.23769604199333,0.09830399999998463,0.54,0.5172697368421052,0.5437631578947368,ok,
ScreenType,lr_classifier,42,375,375,720,3,0.02703962501254864,2.3101439999999798,0.3893333333333333,0.3880670302346476,0.38806703023464767,ok,
ScreenType,rf_classifier,42,375,375,720,3,0.26851716701639816,5.57056,0.4026666666666667,0.39696706151376887,0.3969670615137688,ok,
ScreenType,lr_classifier,42,375,375,720,3,0.029855041997507215,6.127615999999989,0.3893333333333333,0.3880670302346476,0.38806703023464767,ok,
ScreenType,rf_classifier,42,375,375,720,3,0.29336850001709536,13.811712,0.408,0.3989838118870377,0.3989838118870377,ok,
ScreenType,dtw_1nn,42,375,375,720,3,157.33769541600486,-114.54054400000001,0.3973333333333333,0.39619282945473655,0.3961928294547365,ok,
SemgHandGenderCh2,lr_classifier,42,300,600,1500,2,0.015961917000822723,1.6056320000000142,0.8116666666666666,0.8003245462390038,0.814601341182915,ok,
SemgHandGenderCh2,rf_classifier,42,300,600,1500,2,0.30087666600593366,7.356415999999967,0.9,0.8938879456706281,0.901528013582343,ok,
SemgHandGenderCh2,dtw_1nn,42,300,600,1500,2,864.9366581669892,-191.75833599999999,0.915,0.9080459770114943,0.9156321839080459,ok,
SemgHandMovementCh2,lr_classifier,42,450,450,1500,6,0.0995358339860104,20.070399999999978,0.49777777777777776,0.5006186520665904,0.5006186520665904,ok,
SemgHandMovementCh2,rf_classifier,42,450,450,1500,6,0.4502926660061348,21.315584,0.5066666666666667,0.4978352401885628,0.49783524018856284,ok,
SemgHandMovementCh2,dtw_1nn,42,450,450,1500,6,976.1231702080113,-68.40319999999998,0.7844444444444445,0.7863242990022283,0.7863242990022283,ok,
SemgHandSubjectCh2,lr_classifier,42,450,450,1500,5,0.07305808400269598,19.49696,0.82,0.820404108343791,0.8204041083437908,ok,
SemgHandSubjectCh2,rf_classifier,42,450,450,1500,5,0.4391429589886684,20.283391999999992,0.7044444444444444,0.7046928090472353,0.7046928090472352,ok,
SemgHandSubjectCh2,dtw_1nn,42,450,450,1500,5,973.6327170840232,-60.391424000000015,0.8733333333333333,0.87310524674135,0.8731052467413499,ok,
ShakeGestureWiimoteZ,lr_classifier,42,50,50,385,10,0.043604084028629586,10.141695999999996,0.58,0.5197619047619048,0.5197619047619048,ok,
ShakeGestureWiimoteZ,rf_classifier,42,50,50,385,10,0.21556879198760726,7.880704000000009,0.82,0.8055305805305805,0.8055305805305804,ok,
ShakeGestureWiimoteZ,dtw_1nn,42,50,50,385,10,0.8261213340156246,0.016383999999987964,0.86,0.8545454545454545,0.8545454545454545,ok,
ShapeletSim,lr_classifier,42,20,180,500,2,0.00290024999412708,0.21299200000001406,0.48333333333333334,0.47972027972027975,0.4797202797202797,ok,
ShapeletSim,rf_classifier,42,20,180,500,2,0.1942840419942513,0.819199999999995,0.5,0.49776785714285715,0.4977678571428571,ok,
ShapeletSim,dtw_1nn,42,20,180,500,2,2.032960042008199,0.0,0.65,0.6486880014870349,0.648688001487035,ok,
ShapesAll,lr_classifier,42,600,600,512,60,0.8600340000120923,13.959168000000005,0.645,0.6279537038132743,0.6279537038132742,ok,
ShapesAll,rf_classifier,42,600,600,512,60,0.6308402910071891,113.73772799999998,0.745,0.7277261071850182,0.7277261071850183,ok,
ShapesAll,dtw_1nn,42,600,600,512,60,193.7401666669757,-55.34515200000001,0.7683333333333333,0.7562207600596008,0.7562207600596011,ok,
SmallKitchenAppliances,lr_classifier,42,375,375,720,3,0.009253541997168213,4.997119999999995,0.4106666666666667,0.41191690318254803,0.4119169031825481,ok,
SmallKitchenAppliances,rf_classifier,42,375,375,720,3,0.27858583399211057,11.452416,0.7146666666666667,0.7046733643224871,0.7046733643224871,ok,
SmallKitchenAppliances,dtw_1nn,42,375,375,720,3,161.3723677910166,-12.746751999999987,0.6426666666666667,0.6325203640437902,0.6325203640437903,ok,
SmoothSubspace,lr_classifier,42,150,150,15,3,0.003306124999653548,0.09830400000001305,0.86,0.8594592792612595,0.8594592792612593,ok,
SmoothSubspace,rf_classifier,42,150,150,15,3,0.2021271660050843,1.8513919999999757,0.9866666666666667,0.9866659999333267,0.9866659999333266,ok,
SmoothSubspace,dtw_1nn,42,150,150,15,3,0.07890041600330733,0.0,0.8266666666666667,0.8263212987965463,0.8263212987965464,ok,
SonyAIBORobotSurface1,lr_classifier,42,20,601,70,2,0.0030116669950075448,0.14745600000000536,0.7071547420965059,0.703243182583324,0.6984245947772304,ok,
SonyAIBORobotSurface1,rf_classifier,42,20,601,70,2,0.20412479198421352,0.44236799999998766,0.6372712146422629,0.618592654696197,0.6066552291667563,ok,
SonyAIBORobotSurface1,dtw_1nn,42,20,601,70,2,0.15524979200563394,0.0,0.7254575707154742,0.7207540050180645,0.7156283244503744,ok,
SonyAIBORobotSurface2,lr_classifier,42,27,953,65,2,0.0029007080011069775,0.04915199999999231,0.8090241343126967,0.8031224176602527,0.8110986771359802,ok,
SonyAIBORobotSurface2,rf_classifier,42,27,953,65,2,0.2073642920004204,2.3756799999999885,0.7985309548793285,0.7906414762741651,0.8001514964306593,ok,
SonyAIBORobotSurface2,dtw_1nn,42,27,953,65,2,0.29472129099303856,0.0,0.8310598111227702,0.8170177445072409,0.8288790356256615,ok,
StarLightCurves,lr_classifier,42,1000,8236,1024,3,0.1381861249974463,1.179647999999986,0.8887809616318602,0.8662717827812726,0.896874211921329,ok,
StarLightCurves,rf_classifier,42,1000,8236,1024,3,0.5748763750016224,43.876352,0.9442690626517727,0.9159904353747894,0.942983211781521,ok,
Strawberry,lr_classifier,42,613,370,235,2,0.007079709001118317,1.6875520000000392,0.9540540540540541,0.9508113391984361,0.954429526300494,ok,
Strawberry,rf_classifier,42,613,370,235,2,0.399721416993998,5.439487999999983,0.9594594594594594,0.9561953922288258,0.9596210469461246,ok,
Strawberry,dtw_1nn,42,613,370,235,2,11.814631834015017,-155.303936,0.9405405405405406,0.9360545500251383,0.9409067438479202,ok,
SwedishLeaf,lr_classifier,42,500,625,128,15,0.03084083297289908,3.424256000000014,0.8336,0.831400210493771,0.830112238014044,ok,
SwedishLeaf,rf_classifier,42,500,625,128,15,0.24240270900190808,24.88729600000002,0.8848,0.8842794054738804,0.8849589427078032,ok,
SwedishLeaf,dtw_1nn,42,500,625,128,15,8.918297541997163,-27.44320000000002,0.792,0.7868702262641395,0.7858488970622513,ok,
Symbols,lr_classifier,42,25,995,398,6,0.010383040993474424,3.8338559999999973,0.8341708542713567,0.8298699222127331,0.8319268836741242,ok,
Symbols,rf_classifier,42,25,995,398,6,0.2103484999970533,1.0649600000000135,0.8603015075376884,0.8569531400548973,0.8581358687171673,ok,
Symbols,dtw_1nn,42,25,995,398,6,7.052957792009693,0.0,0.949748743718593,0.9488177914312564,0.9491373654119977,ok,
SyntheticControl,lr_classifier,42,300,300,60,6,0.006144707993371412,0.14745600000000536,0.9166666666666666,0.9154190276080842,0.9154190276080841,ok,
SyntheticControl,rf_classifier,42,300,300,60,6,0.2324452500033658,6.701055999999994,0.9533333333333334,0.9530578337497212,0.9530578337497211,ok,
SyntheticControl,dtw_1nn,42,300,300,60,6,0.790150957996957,0.0,0.9933333333333333,0.9932983094227791,0.9932983094227791,ok,
ToeSegmentation1,lr_classifier,42,40,228,277,2,0.003682709007989615,0.09830400000001305,0.5789473684210527,0.5786555786555787,0.5780719991246307,ok,
ToeSegmentation1,rf_classifier,42,40,228,277,2,0.19233133300440386,0.1802239999999813,0.6842105263157895,0.6838212634822805,0.684405157732544,ok,
ToeSegmentation1,dtw_1nn,42,40,228,277,2,1.6249369999859482,0.0,0.7719298245614035,0.7622523461939521,0.7647769057680699,ok,
ToeSegmentation2,lr_classifier,42,36,130,343,2,0.004555499996058643,0.03276799999997593,0.5615384615384615,0.5313389412434382,0.6063801734916782,ok,
ToeSegmentation2,rf_classifier,42,36,130,343,2,0.19448975002160296,0.0655360000000087,0.7769230769230769,0.6962372089275642,0.7949870772205797,ok,
ToeSegmentation2,dtw_1nn,42,36,130,343,2,1.2542817080102395,0.0,0.8384615384615385,0.764065335753176,0.8476336730420216,ok,
Trace,lr_classifier,42,100,100,275,4,0.011162749986397102,0.16383999999999332,0.79,0.7779764353293764,0.7842949403537638,ok,
Trace,rf_classifier,42,100,100,275,4,0.34016454199445434,0.14745600000000536,0.83,0.8161527841693511,0.8229590427979752,ok,
Trace,dtw_1nn,42,100,100,275,4,1.6805004999914672,-0.1802240000000097,1.0,1.0,1.0,ok,
TwoLeadECG,lr_classifier,42,23,1139,82,2,0.0034340420097578317,0.0,0.9464442493415277,0.9464361568854197,0.9464367349179987,ok,
TwoLeadECG,rf_classifier,42,23,1139,82,2,0.19698095801868476,0.04915199999999231,0.7199297629499561,0.7141471366408172,0.7141114414166866,ok,
TwoLeadECG,dtw_1nn,42,23,1139,82,2,0.2759245000197552,0.0,0.9043020193151887,0.9040357233128318,0.9040312850461257,ok,
TwoPatterns,lr_classifier,42,1000,4000,128,4,0.01288024999666959,-9.486335999999994,0.83475,0.8345668305588568,0.8345204979295725,ok,
TwoPatterns,rf_classifier,42,1000,4000,128,4,0.4132627910003066,26.623999999999995,0.85725,0.8568342190362976,0.8566541836918639,ok,
TwoPatterns,dtw_1nn,42,1000,4000,128,4,145.38169462498627,-32.60416000000001,1.0,1.0,1.0,ok,
UMD,lr_classifier,42,36,144,150,3,0.004069957998581231,0.0,0.8402777777777778,0.8425291056387145,0.8425291056387145,ok,
UMD,rf_classifier,42,36,144,150,3,0.19019783299881965,0.8683519999999874,0.9375,0.9381152253866429,0.9381152253866429,ok,
UMD,dtw_1nn,42,36,144,150,3,0.23801987498882227,0.0,0.8819444444444444,0.881406741244425,0.881406741244425,ok,
UWaveGestureLibraryAll,lr_classifier,42,896,3582,945,8,0.1500528329925146,5.603327999999976,0.8160245672808487,0.8172427698233488,0.8173888263549239,ok,
UWaveGestureLibraryAll,rf_classifier,42,896,3582,945,8,0.5230415829864796,13.51679999999999,0.9335566722501396,0.9331441214251824,0.9332662688601204,ok,
UWaveGestureLibraryAll,dtw_1nn,42,896,3582,945,8,6237.095147790998,-225.90259199999997,0.8916806253489671,0.8898747849984254,0.8898972469551195,ok,
UWaveGestureLibraryX,lr_classifier,42,896,3582,315,8,0.06555720799951814,11.059200000000004,0.6328866554997208,0.6052304229589965,0.6073826504738078,ok,
UWaveGestureLibraryX,rf_classifier,42,896,3582,315,8,0.3937370420026127,42.795007999999996,0.7610273590173088,0.7462738751602818,0.7480780337643315,ok,
UWaveGestureLibraryX,dtw_1nn,42,896,3582,315,8,664.5911959999939,-17.055744000000004,0.7275265214963708,0.704837556626114,0.7071289983069283,ok,
UWaveGestureLibraryY,lr_classifier,42,896,3582,315,8,0.07589470900711603,0.39321599999999535,0.5804020100502513,0.5775854910059585,0.5771311017627961,ok,
UWaveGestureLibraryY,rf_classifier,42,896,3582,315,8,0.4219158749911003,14.155776000000003,0.6929089893914014,0.6897305106830205,0.6893940862255409,ok,
UWaveGestureLibraryY,dtw_1nn,42,896,3582,315,8,675.7122172499949,-3.4242559999999855,0.6340033500837521,0.6270255282041104,0.6266386287273525,ok,
UWaveGestureLibraryZ,lr_classifier,42,896,3582,315,8,0.06994991598185152,2.8344319999999925,0.5382467895030709,0.5228872309144194,0.5211807162259998,ok,
UWaveGestureLibraryZ,rf_classifier,42,896,3582,315,8,0.40709408299881034,1.523711999999989,0.7141261864879955,0.7003938132377234,0.6995287626245104,ok,
UWaveGestureLibraryZ,dtw_1nn,42,896,3582,315,8,650.7579872090137,-0.06553599999998028,0.6582914572864321,0.6446340735806173,0.6431919631226527,ok,
Wafer,lr_classifier,42,1000,6164,152,2,0.011809124989667907,1.3107200000000034,0.8948734587929915,0.775588324196044,0.9038981463236909,ok,
Wafer,rf_classifier,42,1000,6164,152,2,0.32385650000651367,5.799936000000002,0.9886437378325762,0.9695303401489672,0.9884558142174978,ok,
Wafer,dtw_1nn,42,1000,6164,152,2,303.02420941600576,-30.195711999999986,0.9798831927319922,0.9443286023735891,0.9792191605937516,ok,
Wine,lr_classifier,42,57,54,234,2,0.004193083004793152,0.03276800000000435,0.8888888888888888,0.8887362637362637,0.8887362637362637,ok,
Wine,rf_classifier,42,57,54,234,2,0.1996508750016801,0.5734400000000051,0.7592592592592593,0.7585139318885449,0.7585139318885449,ok,
Wine,dtw_1nn,42,57,54,234,2,0.06311554100830108,0.0,0.5740740740740741,0.5739279588336192,0.5739279588336191,ok,
WordSynonyms,lr_classifier,42,267,638,270,25,0.07642654201481491,2.801663999999988,0.44357366771159873,0.3223495207018386,0.4389731489974301,ok,
WordSynonyms,rf_classifier,42,267,638,270,25,0.2644410000066273,18.612223999999998,0.5768025078369906,0.3984589683070306,0.5282306238115473,ok,
WordSynonyms,dtw_1nn,42,267,638,270,25,28.635734458017396,-74.973184,0.6489028213166145,0.5327126575369014,0.631781993788123,ok,
Worms,lr_classifier,42,181,77,900,5,0.06222095899283886,2.53952000000001,0.35064935064935066,0.3130498084291188,0.3397890232372991,ok,
Worms,rf_classifier,42,181,77,900,5,0.22211774997413158,5.799936000000002,0.5584415584415584,0.4752014652014652,0.513526949241235,ok,
Worms,dtw_1nn,42,181,77,900,5,24.807114084018394,0.016384000000016385,0.5844155844155844,0.5608186241003579,0.5748737772621009,ok,
WormsTwoClass,lr_classifier,42,181,77,900,2,0.014777000003959984,0.04915199999999231,0.5324675324675324,0.5285714285714286,0.5346938775510204,ok,
WormsTwoClass,rf_classifier,42,181,77,900,2,0.21817149998969398,2.293759999999992,0.5974025974025974,0.5836385836385836,0.5944531658817372,ok,
WormsTwoClass,dtw_1nn,42,181,77,900,2,24.79081549998955,0.0,0.6233766233766234,0.6233766233766234,0.6233766233766234,ok,
Yoga,lr_classifier,42,300,3000,426,2,0.016554417001316324,0.08191999999999666,0.6596666666666666,0.6577757254501009,0.6595903506534421,ok,
Yoga,rf_classifier,42,300,3000,426,2,0.24936633300967515,0.8519679999999994,0.8073333333333333,0.8049735128386813,0.8065038206746071,ok,
Yoga,dtw_1nn,42,300,3000,426,2,319.0996846249909,0.0,0.8363333333333334,0.8349868073464815,0.8360501156903423,ok,
StarLightCurves,lr_classifier,42,1000,8236,1024,3,0.13775324999005534,2.9818879999999126,0.8887809616318602,0.8662717827812726,0.896874211921329,ok,
StarLightCurves,rf_classifier,42,1000,8236,1024,3,0.670441916998243,49.25030400000003,0.9445118989800875,0.916487161559671,0.9433203630744587,ok,
