dataset,model,seed,n_train,n_test,series_length,n_classes,fit_time,predict_time,total_time,peak_memory_mb,accuracy,f1_macro,f1_weighted,status,error_msg
ACSF1,hydra,42,100,100,1460,10,2.59597858300549,0.0,2.599248541984707,581.697536,0.88,0.880341208947347,0.880341208947347,ok,
ACSF1,mrsqm,42,100,100,1460,10,11.948828916007187,0.0,11.949221166985808,-371.4580480000001,0.93,0.9284750646670149,0.928475064667015,ok,
Adiac,hydra,42,390,391,176,37,1.3764900420210324,0.0,1.3774096659908537,576.864256,0.8132992327365729,0.7945701160753658,0.7982565753288008,ok,
Adiac,mrsqm,42,390,391,176,37,5.297851459006779,0.0,5.298091500008013,-310.95193599999993,0.8184143222506394,0.8088429880171396,0.8123350434177609,ok,
AllGestureWiimoteX,hydra,42,300,700,500,10,4.948160416999599,0.0,4.9491599169850815,1453.1133439999999,0.6928571428571428,0.6959829819082042,0.6959829819082043,ok,
AllGestureWiimoteX,mrsqm,42,300,700,500,10,16.016461040999275,0.0,16.01684183301404,-1584.7587839999999,0.63,0.6215117839334388,0.6215117839334388,ok,
AllGestureWiimoteY,hydra,42,300,700,500,10,4.906762165977852,0.0,4.9085103340039495,1478.9181439999998,0.7157142857142857,0.7136131274116595,0.7136131274116595,ok,
AllGestureWiimoteY,mrsqm,42,300,700,500,10,15.754549665987724,0.0,15.75503000000026,-437.403648,0.65,0.6445808623444964,0.6445808623444964,ok,
AllGestureWiimoteZ,hydra,42,300,700,500,10,4.833081291988492,0.0,4.83412616699934,471.2693760000002,0.6785714285714286,0.6742212628090505,0.6742212628090506,ok,
AllGestureWiimoteZ,mrsqm,42,300,700,500,10,15.681203709013062,0.0,15.681640249997145,-535.822336,0.6414285714285715,0.633668320088954,0.633668320088954,ok,
ArrowHead,hydra,42,36,175,251,3,0.48528141700080596,0.0,0.48627629099064507,99.28703999999993,0.8114285714285714,0.8120278860006579,0.810006224778797,ok,
ArrowHead,mrsqm,42,36,175,251,3,1.839853832992958,0.0,1.8401759159751236,-612.5977599999999,0.8114285714285714,0.8133555790257815,0.8124342633228155,ok,
Beef,hydra,42,30,30,470,5,0.31142870799521916,0.0,0.31241012501413934,29.75334399999997,0.8333333333333334,0.8351515151515152,0.8351515151515152,ok,
Beef,mrsqm,42,30,30,470,5,1.3179136250109877,0.0,1.3183021250006277,28.21324800000002,0.7666666666666667,0.7732976827094473,0.7732976827094474,ok,
BeetleFly,hydra,42,20,20,512,2,0.2496958749834448,0.0,0.250701041019056,11.354111999999986,0.9,0.898989898989899,0.898989898989899,ok,
BeetleFly,mrsqm,42,20,20,512,2,1.1225371659966186,0.0,1.1228956249833573,23.527423999999996,0.95,0.949874686716792,0.949874686716792,ok,
BirdChicken,hydra,42,20,20,512,2,0.2538247919874266,0.0,0.25486575000104494,0.0163839999999027,0.9,0.898989898989899,0.898989898989899,ok,
BirdChicken,mrsqm,42,20,20,512,2,1.1018878330069128,0.0,1.102281999978004,20.791296000000102,0.9,0.898989898989899,0.898989898989899,ok,
BME,hydra,42,30,150,128,3,0.21537591598462313,0.0,0.21628045800025575,43.286527999999976,1.0,1.0,1.0,ok,
BME,mrsqm,42,30,150,128,3,0.9279209170199465,0.0,0.9282317910110578,14.843903999999952,0.82,0.8238237288612016,0.8238237288612016,ok,
Car,hydra,42,60,60,577,4,0.6887364590074867,0.0,0.6898100420075934,88.63743999999997,0.9333333333333333,0.9333333333333333,0.9322222222222223,ok,
Car,mrsqm,42,60,60,577,4,2.7448555839946494,0.0,2.745240290998481,25.722880000000032,0.8333333333333334,0.8366034327009937,0.8352038542607648,ok,
CBF,hydra,42,30,900,128,3,1.1346140829846263,0.0,1.1355402080225758,443.4165760000001,0.9911111111111112,0.9911146057129357,0.9910999628390932,ok,
CBF,mrsqm,42,30,900,128,3,3.376471625000704,0.0,3.376738999999361,37.65043199999991,1.0,1.0,1.0,ok,
Chinatown,hydra,42,20,343,24,2,0.09093295800266787,0.0,0.09166116701089777,0.6225919999999405,0.9825072886297376,0.9784385214986171,0.9826711316014606,ok,
Chinatown,mrsqm,42,20,343,24,2,0.3833274169883225,0.0,0.3834902500093449,5.0462720000000445,0.9620991253644315,0.9531366593448171,0.9623978742317519,ok,
ChlorineConcentration,hydra,42,467,3840,166,3,8.095082000014372,0.0,8.096055709000211,2527.707136,0.7747395833333334,0.7335042722127398,0.7656484000455609,ok,
ChlorineConcentration,mrsqm,42,467,3840,166,3,20.293520667008124,0.0,20.293945832992904,-1186.5620480000002,0.7125,0.6639402425803563,0.7003750547945107,ok,
CinCECGTorso,hydra,42,40,1380,1639,4,25.84357674999046,0.0,25.84563112500473,4981.211136,0.994927536231884,0.9948987114395265,0.9949325745411756,ok,
CinCECGTorso,mrsqm,42,40,1380,1639,4,79.42546699999366,0.0,79.42591704099323,-6198.018048,0.9326086956521739,0.9329902328103803,0.9328168736707322,ok,
Coffee,hydra,42,28,28,286,2,0.2005675410036929,0.0,0.20335679198615253,34.127872000000025,1.0,1.0,1.0,ok,
Coffee,mrsqm,42,28,28,286,2,0.8517903750180267,0.0,0.8520224579842761,31.91603199999986,0.9642857142857143,0.9638709677419355,0.9641474654377881,ok,
Computers,hydra,42,250,250,720,2,3.1662636249966454,0.0,3.1674300830054563,501.9074559999999,0.712,0.7115384615384615,0.7115384615384616,ok,
Computers,mrsqm,42,250,250,720,2,12.991627666022396,0.0,12.992076375026954,95.61702400000013,0.764,0.7639660111055993,0.7639660111055991,ok,
CricketX,hydra,42,390,390,300,12,2.420353665977018,0.0,2.4213175830082037,166.70719999999983,0.8128205128205128,0.8137635758583562,0.8084028776395153,ok,
CricketX,mrsqm,42,390,390,300,12,7.947694499976933,0.0,7.9480514579918236,77.70931199999995,0.8025641025641026,0.8037124570295476,0.800636220214458,ok,
CricketY,hydra,42,390,390,300,12,2.3934728329768404,0.0,2.394450042018434,194.9859839999997,0.823076923076923,0.825695307994446,0.8233736003233526,ok,
CricketY,mrsqm,42,390,390,300,12,7.976770082983421,0.0,7.977186125004664,36.56908800000019,0.8256410256410256,0.8255280235374296,0.8242563176976683,ok,
CricketZ,hydra,42,390,390,300,12,2.3916076669993345,0.0,2.3926120420219377,0.32767999999987296,0.8,0.7861281400244713,0.7963029001522246,ok,
CricketZ,mrsqm,42,390,390,300,12,7.94603541700053,0.0,7.946391249977751,36.831232,0.823076923076923,0.8140960348017322,0.8224146919724254,ok,
Crop,hydra,42,7200,16800,46,24,19.189036833995488,0.0,19.189976458990714,1818.1816319999998,0.7358928571428571,0.728758985260488,0.7287589852604881,ok,
Crop,mrsqm,42,7200,16800,46,24,35.15267479099566,0.0,35.15344308299245,-504.67635199999995,0.723452380952381,0.7213465605518611,0.7213465605518611,ok,
DiatomSizeReduction,hydra,42,16,306,345,4,1.2247039169888012,0.0,1.2268733749806415,88.71936000000005,0.9477124183006536,0.9337479311329479,0.9467795436582144,ok,
DiatomSizeReduction,mrsqm,42,16,306,345,4,3.4723251670075115,0.0,3.472737957985373,-1965.7850879999999,0.8986928104575164,0.7922128824811066,0.8748197827325038,ok,
DistalPhalanxOutlineAgeGroup,hydra,42,400,139,80,3,0.47031129198148847,0.0,0.4715673339960631,74.82572800000003,0.7697841726618705,0.7692697768762677,0.7717432544836342,ok,
DistalPhalanxOutlineAgeGroup,mrsqm,42,400,139,80,3,1.5870715839846525,0.0,1.587322708015563,74.00652799999989,0.7266187050359713,0.7217999744411641,0.72850183753776,ok,
DistalPhalanxOutlineCorrect,hydra,42,600,276,80,2,0.7990327090083156,0.0,0.7999330419988837,150.35596800000008,0.75,0.7333333333333334,0.7444444444444445,ok,
DistalPhalanxOutlineCorrect,mrsqm,42,600,276,80,2,2.27503741698456,0.0,2.2753464999841526,80.23244799999975,0.7753623188405797,0.7634242105845268,0.7722815167099855,ok,
DistalPhalanxTW,hydra,42,400,139,80,6,0.47076949998154305,0.0,0.47194283301359974,0.16384000000016385,0.7050359712230215,0.49735959870941726,0.6561133126166944,ok,
DistalPhalanxTW,mrsqm,42,400,139,80,6,1.5921565829776227,0.0,1.59238008398097,-1181.9089920000001,0.7050359712230215,0.5823127673245375,0.6927035540937962,ok,
DodgerLoopDay,hydra,42,67,77,288,7,0.47122945898445323,0.0,0.47232674999395385,70.17267200000003,0.5714285714285714,0.569074111858182,0.5726100716966629,ok,
DodgerLoopDay,mrsqm,42,67,77,288,7,1.664881000004243,0.0,1.665253915998619,33.341440000000034,0.5714285714285714,0.5635537117344898,0.5705117536925317,ok,
DodgerLoopGame,hydra,42,17,127,288,2,0.4343430410081055,0.0,0.4356820830143988,6.848512000000028,0.8110236220472441,0.8090225563909774,0.8094843407731929,ok,
DodgerLoopGame,mrsqm,42,17,127,288,2,1.5313615839986596,0.0,1.5317495839844923,23.986176,0.8818897637795275,0.8808257741632781,0.8810917715673404,ok,
DodgerLoopWeekend,hydra,42,18,126,288,2,0.42319737499929033,0.0,0.4244509590207599,3.194880000000012,0.9761904761904762,0.9705859466189402,0.9764961778034691,ok,
DodgerLoopWeekend,mrsqm,42,18,126,288,2,1.5042077079997398,0.0,1.5045942919969093,21.25004799999988,0.9682539682539683,0.961111111111111,0.9687830687830687,ok,
Earthquakes,hydra,42,322,139,512,2,2.4041884999896865,0.0,2.4051610410097055,546.9143039999999,0.7410071942446043,0.4256198347107438,0.6368987454664369,ok,
Earthquakes,mrsqm,42,322,139,512,2,8.9482127079973,0.0,8.94868916698033,156.89318400000002,0.7697841726618705,0.5327731092436975,0.6979626382927272,ok,
ECG200,hydra,42,100,100,96,2,0.19201620802050456,0.0,0.19330433299182914,0.16383999999993648,0.89,0.8765570643025473,0.887963191560992,ok,
ECG200,mrsqm,42,100,100,96,2,0.8184599590022117,0.0,0.8186662909865845,15.024128000000019,0.87,0.8518518518518519,0.8663703703703703,ok,
ECG5000,hydra,42,500,4500,140,5,7.362081083992962,0.0,7.363058166985866,2195.931136,0.9477777777777778,0.5934976522241814,0.937674926080626,ok,
ECG5000,mrsqm,42,500,4500,140,5,19.07694170801551,0.0,19.077220125007443,45.285375999999815,0.9486666666666667,0.588882699938078,0.9398073837477665,ok,
ECGFiveDays,hydra,42,23,861,136,2,1.2302011669962667,0.0,1.2311406660010107,77.13587199999984,1.0,1.0,1.0,ok,
ECGFiveDays,mrsqm,42,23,861,136,2,3.454898374999175,0.0,3.4552111249940936,-1947.8118399999998,1.0,1.0,1.0,ok,
ElectricDevices,hydra,42,8926,7711,96,7,25.956143416988198,0.0,25.95706612500362,5922.471936,0.7429645960316431,0.6651503308140149,0.728920188549814,ok,
ElectricDevices,mrsqm,42,8926,7711,96,7,51.78923470902373,0.0,51.78996283299057,-3753.8529280000002,0.7484113603942419,0.6662661824033167,0.7360206220518347,ok,
EOGHorizontalSignal,hydra,42,362,362,1250,12,9.065096500009531,0.0,9.06683554200572,1520.6973439999992,0.5773480662983426,0.5766435340643294,0.5752896845886436,ok,
EOGHorizontalSignal,mrsqm,42,362,362,1250,12,34.07711566699436,0.0,34.07776929199463,-2465.2513280000003,0.6464088397790055,0.6593087197403806,0.6586324428430906,ok,
EOGVerticalSignal,hydra,42,362,362,1250,12,9.07318395798211,0.0,9.074573958991095,1600.7823359999998,0.48342541436464087,0.45970172710491336,0.45850337876501496,ok,
EOGVerticalSignal,mrsqm,42,362,362,1250,12,34.31056854198687,0.0,34.31116645800648,-1165.2628479999994,0.505524861878453,0.4780092185005986,0.4763836462468257,ok,
EthanolLevel,hydra,42,504,500,1751,4,15.43300633400213,0.0,15.434452958987094,2832.7772160000004,0.58,0.5656514726023094,0.5654604681669118,ok,
EthanolLevel,mrsqm,42,504,500,1751,4,69.3408553749905,0.0,69.34160379198147,-2783.3794559999997,0.654,0.6443617869840483,0.6445215401273283,ok,
FaceAll,hydra,42,560,1690,131,14,3.170461083005648,0.0,3.1713682079862338,906.8052479999997,0.9183431952662722,0.9253555054354565,0.9193799094782487,ok,
FaceAll,mrsqm,42,560,1690,131,14,8.800893542007543,0.0,8.801404957979685,289.01376000000073,0.7928994082840237,0.8280115658105324,0.7690588899282613,ok,
FaceFour,hydra,42,24,88,350,4,0.40322566698887385,0.0,0.4046273340063635,6.750208000000384,0.8522727272727273,0.8665487628902263,0.8464171330024987,ok,
FaceFour,mrsqm,42,24,88,350,4,1.5418345840007532,0.0,1.542313167010434,29.73696000000018,0.9886363636363636,0.9903810580836108,0.9886321595533581,ok,
FacesUCR,hydra,42,200,2050,131,14,3.1312501250067726,0.0,3.132202334003523,732.7252479999997,0.9551219512195122,0.9407176536330965,0.954476593339638,ok,
FacesUCR,mrsqm,42,200,2050,131,14,8.207354042009683,0.0,8.207816375012044,307.87174400000004,0.9482926829268292,0.9272243346655681,0.9464693252774584,ok,
FiftyWords,hydra,42,450,455,270,50,2.382803790998878,0.0,2.383781916985754,0.3604480000003605,0.8373626373626374,0.7211709734463138,0.8183233571066779,ok,
FiftyWords,mrsqm,42,450,455,270,50,9.226881332986522,0.0,9.227250916999765,-654.2622719999999,0.7956043956043956,0.6737741971374223,0.7759242297226052,ok,
Fish,hydra,42,175,175,463,7,1.3616918330080807,0.0,1.3626527499873191,228.24550400000044,0.9885714285714285,0.9888685782302804,0.9886784704657047,ok,
Fish,mrsqm,42,175,175,463,7,5.7028095409914386,0.0,5.703217582980869,-1341.35808,0.9828571428571429,0.9814638899037876,0.9825901838996468,ok,
FordA,hydra,42,3601,1320,500,2,28.721010584005853,0.0,28.722063791996334,-325.9432960000004,0.9621212121212122,0.9620863970588236,0.9621229528743315,ok,
FordA,mrsqm,42,3601,1320,500,2,90.78141795899137,0.0,90.78278079198208,-501.59616000000005,0.9575757575757575,0.957544178865823,0.95758102069408,ok,
FordB,hydra,42,3636,810,500,2,25.480405499984045,0.0,25.482121332985116,881.8196479999997,0.8197530864197531,0.8196431294799451,0.8196871122558683,ok,
FordB,mrsqm,42,3636,810,500,2,84.09659825000563,0.0,84.09809591699741,-36.38886399999956,0.8246913580246914,0.8243443839683324,0.82442148931419,ok,
FreezerRegularTrain,hydra,42,150,2850,301,2,9.11953187501058,0.0,9.120586957986234,3085.4184960000002,0.9978947368421053,0.9978947275112577,0.9978947275112576,ok,
FreezerRegularTrain,mrsqm,42,150,2850,301,2,24.34686083300039,0.0,24.347301166999387,-2760.0322560000004,0.9954385964912281,0.9954385015828584,0.9954385015828584,ok,
FreezerSmallTrain,hydra,42,28,2850,301,2,8.896339416998671,0.0,8.897406250005588,1113.0470399999995,0.9129824561403509,0.9129700699785652,0.9129700699785651,ok,
FreezerSmallTrain,mrsqm,42,28,2850,301,2,22.85095758299576,0.0,22.85126841699821,-2136.7357439999996,0.9589473684210527,0.9589473229333219,0.9589473229333219,ok,
Fungi,hydra,42,18,186,201,18,0.40105750001384877,0.0,0.40205049997894093,35.96288000000004,1.0,1.0,1.0,ok,
Fungi,mrsqm,42,18,186,201,18,1.413164749974385,0.0,1.4136228330025915,58.65472,1.0,1.0,1.0,ok,
GestureMidAirD1,hydra,42,208,130,360,26,1.129482749995077,0.0,1.130504208005732,57.524223999999776,0.7461538461538462,0.7362829478214094,0.7362829478214094,ok,
GestureMidAirD1,mrsqm,42,208,130,360,26,4.652810250001494,0.0,4.653218499996001,116.52300800000012,0.7538461538461538,0.7355366855366855,0.7355366855366855,ok,
GestureMidAirD2,hydra,42,208,130,360,26,1.1266834170091897,0.0,1.1276377500034869,0.29491200000029494,0.676923076923077,0.6657016060862214,0.6657016060862214,ok,
GestureMidAirD2,mrsqm,42,208,130,360,26,4.670669042010559,0.0,4.671108499984257,30.146559999999226,0.7,0.6950024334639718,0.695002433463972,ok,
GestureMidAirD3,hydra,42,208,130,360,26,1.1325781249906868,0.0,1.1335394159832504,0.1802239999997255,0.47692307692307695,0.46213499263034863,0.4621349926303487,ok,
GestureMidAirD3,mrsqm,42,208,130,360,26,4.57937237501028,0.0,4.57983487501042,-1135.5914239999997,0.47692307692307695,0.44496997604285055,0.4449699760428505,ok,
GesturePebbleZ1,hydra,42,132,172,455,6,1.296145542000886,0.0,1.2972465000057127,178.81497600000012,0.8837209302325582,0.879940996866583,0.8850737025736446,ok,
GesturePebbleZ1,mrsqm,42,132,172,455,6,4.975954791007098,0.0,4.976397749996977,32.55500800000027,0.9069767441860465,0.9020180033548035,0.9058034411447772,ok,
GesturePebbleZ2,hydra,42,146,158,455,6,1.2582687090034597,0.0,1.2592269580054563,26.574847999999747,0.8924050632911392,0.8888759586942275,0.8909014724547841,ok,
GesturePebbleZ2,mrsqm,42,146,158,455,6,5.04977520898683,0.0,5.05021683400264,32.964608000000226,0.9430379746835443,0.940782922350719,0.9426308905283375,ok,
GunPoint,hydra,42,50,150,150,2,0.30451495898887515,0.0,0.30544816597830504,4.030464000000393,1.0,1.0,1.0,ok,
GunPoint,mrsqm,42,50,150,150,2,1.178638333978597,0.0,1.1789745000132825,16.334847999999965,1.0,1.0,1.0,ok,
GunPointAgeSpan,hydra,42,135,316,150,2,0.7249499589961488,0.0,0.7258621249930002,24.24832000000015,1.0,1.0,1.0,ok,
GunPointAgeSpan,mrsqm,42,135,316,150,2,2.2421507090039086,0.0,2.242493875004584,19.365887999999813,1.0,1.0,1.0,ok,
GunPointMaleVersusFemale,hydra,42,135,316,150,2,0.7191110830171965,0.0,0.7200139999913517,0.03276800000003277,1.0,1.0,1.0,ok,
GunPointMaleVersusFemale,mrsqm,42,135,316,150,2,2.247232666995842,0.0,2.2475152919942047,17.95686399999977,0.9968354430379747,0.9968282964137668,0.9968359194795887,ok,
GunPointOldVersusYoung,hydra,42,136,315,150,2,0.7304179579950869,0.0,0.7313392910000402,0.0,1.0,1.0,1.0,ok,
GunPointOldVersusYoung,mrsqm,42,136,315,150,2,2.2554888750019018,0.0,2.2558252080052625,17.956864000000223,0.9968253968253968,0.9968171851791976,0.9968248835975095,ok,
Ham,hydra,42,109,105,431,2,0.7956370830070227,0.0,0.7966003339970484,0.016384000000016385,0.7142857142857143,0.7130102040816326,0.7135568513119532,ok,
Ham,mrsqm,42,109,105,431,2,3.486103125003865,0.0,3.4865370409970637,29.245440000000144,0.7523809523809524,0.7521786492374728,0.7523809523809524,ok,
HandOutlines,hydra,42,1000,370,2709,2,47.116276459011715,0.0,47.11773516700487,1345.077248,0.9486486486486486,0.9431574691732363,0.9481234053944788,ok,
HandOutlines,mrsqm,42,1000,370,2709,2,175.02757145898067,0.0,175.03055537500768,-1459.8307839999998,0.9378378378378378,0.9321647495835028,0.937678779288651,ok,
Haptics,hydra,42,155,308,1092,5,5.450533082999755,0.0,5.452709041011985,1210.4007679999995,0.5162337662337663,0.504783670016626,0.5062979575482867,ok,
Haptics,mrsqm,42,155,308,1092,5,20.006307499977993,0.0,20.00695470898063,-1239.7772800000002,0.5941558441558441,0.579317300442718,0.5786576575510914,ok,
Herring,hydra,42,64,64,512,2,0.6957807910221163,0.0,0.696816666983068,0.19660799999974188,0.734375,0.7262893081761006,0.7351100628930818,ok,
Herring,mrsqm,42,64,64,512,2,2.8012791670043953,0.0,2.8016579170071054,42.696703999999954,0.65625,0.6267232237539766,0.6464077412513256,ok,
HouseTwenty,hydra,42,40,119,2000,2,3.2081037500174716,0.0,3.2094820830097888,515.637248,0.9495798319327731,0.9482608695652174,0.9495798319327731,ok,
HouseTwenty,mrsqm,42,40,119,2000,2,13.378579000011086,0.0,13.37906499998644,-873.8734079999999,0.9663865546218487,0.9655072463768115,0.9663865546218487,ok,
InlineSkate,hydra,42,100,550,1882,7,13.839453458000207,0.0,13.841035374993226,2360.5084160000006,0.4672727272727273,0.46762928807807536,0.4612665941521447,ok,
InlineSkate,mrsqm,42,100,550,1882,7,48.26466416599578,0.0,48.265202292008325,-3781.6893440000003,0.43636363636363634,0.43214045497575343,0.43309189693111366,ok,
InsectEPGRegularTrain,hydra,42,62,249,601,3,2.1516194580181036,0.0,2.1531924580049235,577.8309119999999,1.0,1.0,1.0,ok,
InsectEPGRegularTrain,mrsqm,42,62,249,601,3,6.869380625023041,0.0,6.86980879199109,125.25567999999976,1.0,1.0,1.0,ok,
InsectEPGSmallTrain,hydra,42,17,249,601,3,1.6496595420176163,0.0,1.651787124981638,0.9011199999999917,1.0,1.0,1.0,ok,
InsectEPGSmallTrain,mrsqm,42,17,249,601,3,5.700473332981346,0.0,5.700884541001869,25.329663999999866,0.9959839357429718,0.9945774659820718,0.9959682152942001,ok,
InsectWingbeatSound,hydra,42,220,1980,256,11,5.2679393329890445,0.0,5.26895870899898,1976.2872319999997,0.6540404040404041,0.6442568924846518,0.6442568924846518,ok,
InsectWingbeatSound,mrsqm,42,220,1980,256,11,16.89227512499201,0.0,16.892627374996664,198.36108799999965,0.6434343434343435,0.6379640554675157,0.6379640554675156,ok,
ItalyPowerDemand,hydra,42,67,1029,24,2,0.3129012919962406,0.0,0.3136700420000125,0.19660800000019663,0.967930029154519,0.9679295445422993,0.967929908001464,ok,
ItalyPowerDemand,mrsqm,42,67,1029,24,2,0.8704994169820566,0.0,0.8706603749888018,9.99423999999999,0.9465500485908649,0.9465498466713951,0.9465495437921905,ok,
LargeKitchenAppliances,hydra,42,375,375,720,3,5.34324333400582,0.0,5.344345624995185,11.04281599999922,0.8533333333333334,0.8543657144704723,0.8543657144704723,ok,
LargeKitchenAppliances,mrsqm,42,375,375,720,3,20.514043208007934,0.0,20.514466708002146,-1403.3715199999997,0.8586666666666667,0.8582469919554017,0.8582469919554018,ok,
Lightning2,hydra,42,60,61,637,2,0.8648050420160871,0.0,0.8659090829896741,79.2166400000001,0.7540983606557377,0.7497949138638228,0.7524845681087696,ok,
Lightning2,mrsqm,42,60,61,637,2,3.373707499995362,0.0,3.374109625001438,51.46214400000008,0.8524590163934426,0.848384424192212,0.8504217202928274,ok,
Lightning7,hydra,42,70,73,319,7,0.5076816249929834,0.0,0.5087378339958377,0.3112959999998566,0.8356164383561644,0.8271801298117089,0.8301690298806377,ok,
Lightning7,mrsqm,42,70,73,319,7,1.983479290996911,0.0,1.98385583399795,25.706496000000243,0.7397260273972602,0.7352697869725733,0.739255091572832,ok,
Mallat,hydra,42,55,2345,1024,8,27.754221458017128,0.0,27.75553370799753,1557.1189759999997,0.9437100213219616,0.943069060090566,0.9430972110966555,ok,
Mallat,mrsqm,42,55,2345,1024,8,86.94564799999353,0.0,86.94614220800577,-2885.95968,0.9850746268656716,0.9851455561216935,0.9850560992946469,ok,
Meat,hydra,42,60,60,448,3,0.5832691249961499,0.0,0.5849576669861563,86.57305599999995,0.9,0.898796325625594,0.8987963256255941,ok,
Meat,mrsqm,42,60,60,448,3,2.282935625000391,0.0,2.283293083019089,30.37593599999991,0.9166666666666666,0.9164495505958921,0.9164495505958921,ok,
MedicalImages,hydra,42,381,760,99,10,1.2921176670060959,0.0,1.2930435829912312,437.94431999999983,0.756578947368421,0.6622529026090315,0.7362133974535857,ok,
MedicalImages,mrsqm,42,381,760,99,10,3.686098000005586,0.0,3.686349875002634,125.74720000000025,0.7276315789473684,0.6404177689887998,0.7178584331272343,ok,
MelbournePedestrian,hydra,42,1138,2319,24,10,1.220546957978513,0.0,1.221346625010483,497.05779200000006,0.9379042690815006,0.9350745396910408,0.9378198958893149,ok,
MelbournePedestrian,mrsqm,42,1138,2319,24,10,3.018364207993727,0.0,3.0185282079910394,196.5260800000001,0.8973695558430358,0.8934829996730251,0.8972160870730567,ok,
MiddlePhalanxOutlineCorrect,hydra,42,600,291,80,2,0.9079628339968622,0.0,0.9088737080164719,24.54323199999999,0.8384879725085911,0.833970647146655,0.8378291958933088,ok,
MiddlePhalanxOutlineCorrect,mrsqm,42,600,291,80,2,2.362191749998601,0.0,2.362427167012356,27.639807999999903,0.8109965635738832,0.8057103317673623,0.8102256547687655,ok,
MiddlePhalanxOutlineAgeGroup,hydra,42,400,154,80,3,0.5432753750064876,0.0,0.544155707990285,32.702463999999964,0.5714285714285714,0.4834109730848861,0.5557836573364524,ok,
MiddlePhalanxOutlineAgeGroup,mrsqm,42,400,154,80,3,1.7589303750137333,0.0,1.7591534169914667,10.321919999999864,0.5714285714285714,0.486517606105235,0.5558045114612259,ok,
MiddlePhalanxTW,hydra,42,399,154,80,6,0.5225372920103837,0.0,0.5234337080037221,0.2949119999998402,0.577922077922078,0.40956761736074593,0.5595454431867897,ok,
MiddlePhalanxTW,mrsqm,42,399,154,80,6,1.6872802090074401,0.0,1.6875016250123736,10.56768000000011,0.512987012987013,0.3551779519971568,0.4991285626458705,ok,
MixedShapesRegularTrain,hydra,42,500,2425,1024,5,31.633402541978285,0.0,31.63465962500777,3517.1368959999995,0.9814432989690721,0.9811797387823455,0.9814348564752344,ok,
MixedShapesRegularTrain,mrsqm,42,500,2425,1024,5,109.9306765840156,0.0,109.93139525002334,-4224.876544,0.977319587628866,0.9772282854554326,0.9773007857448225,ok,
MixedShapesSmallTrain,hydra,42,100,2425,1024,5,28.366277958004503,0.0,28.36827637499664,4526.227456,0.965360824742268,0.964743750140807,0.9651791453140454,ok,
MixedShapesSmallTrain,mrsqm,42,100,2425,1024,5,90.39073616699898,0.0,90.39130049999221,-4209.852416,0.9587628865979382,0.9591006952926131,0.9586539550591494,ok,
MoteStrain,hydra,42,20,1252,84,2,1.33355133398436,0.0,1.3364990839909296,660.0785919999998,0.9313099041533547,0.930489706960842,0.931080731408388,ok,
MoteStrain,mrsqm,42,20,1252,84,2,2.8658112500270363,0.0,2.8661378329852596,179.9618559999999,0.9472843450479234,0.9468590831918506,0.9472311873159144,ok,
NonInvasiveFetalECGThorax1,hydra,42,1800,1965,750,42,30.410173542011762,0.0,30.411355415999424,2662.023168,0.9399491094147583,0.9352545461841887,0.9383853675557579,ok,
NonInvasiveFetalECGThorax1,mrsqm,42,1800,1965,750,42,107.59107962498092,0.0,107.59316116699483,-3705.257984,0.9231552162849873,0.9179128117703172,0.9223250352470943,ok,
NonInvasiveFetalECGThorax2,hydra,42,1800,1965,750,42,26.74119262502063,0.0,26.744810665986734,6030.508032,0.9587786259541985,0.955370510039305,0.9584315174879305,ok,
NonInvasiveFetalECGThorax2,mrsqm,42,1800,1965,750,42,100.01948749998701,0.0,100.02040620800108,-5529.092096,0.9419847328244275,0.9387752229127522,0.9423536299547866,ok,
OliveOil,hydra,42,30,30,570,4,0.3796863330062479,0.0,0.3810598330164794,4.784128000000237,0.9666666666666667,0.9759725400457666,0.9668192219679634,ok,
OliveOil,mrsqm,42,30,30,570,4,1.5532430410094094,0.0,1.553615415992681,11.665407999999843,0.9666666666666667,0.9759725400457666,0.9668192219679634,ok,
OSULeaf,hydra,42,200,242,427,6,1.6546204159967601,0.0,1.6555710419779643,439.4352640000002,0.987603305785124,0.9849250850261972,0.9875115754896651,ok,
OSULeaf,mrsqm,42,200,242,427,6,6.60270920797484,0.0,6.603145500004757,45.90796799999998,0.9958677685950413,0.9966669966669967,0.9958636776818595,ok,
PhalangesOutlinesCorrect,hydra,42,1800,858,80,2,2.7097228330094367,0.0,2.7105831660155673,398.0165119999997,0.8088578088578089,0.7881927928470362,0.8031517969742372,ok,
PhalangesOutlinesCorrect,mrsqm,42,1800,858,80,2,6.243778834003024,0.0,6.244058875017799,227.803136,0.8100233100233101,0.795176646851288,0.8076452730650209,ok,
Phoneme,hydra,42,214,1896,1024,39,20.365925791003974,0.0,20.367013457987923,5048.139776,0.32436708860759494,0.15720241070867388,0.2846838685784741,ok,
Phoneme,mrsqm,42,214,1896,1024,39,72.3536861250177,0.0,72.35415475000627,-6250.8564480000005,0.36603375527426163,0.1724271238088027,0.3167757585759295,ok,
PickupGestureWiimoteZ,hydra,42,50,50,361,10,0.3838223330094479,0.0,0.38500679199933074,7.667711999999938,0.84,0.8344483294483295,0.8344483294483296,ok,
PickupGestureWiimoteZ,mrsqm,42,50,50,361,10,1.5487352919881232,0.0,1.5491017079912126,32.66969599999993,0.78,0.7758297258297258,0.7758297258297258,ok,
PigAirwayPressure,hydra,42,104,208,2000,52,5.5346462079905905,0.0,5.53603720801766,1641.2835839999998,0.7740384615384616,0.7636544011544012,0.7636544011544012,ok,
PigAirwayPressure,mrsqm,42,104,208,2000,52,23.826778665999882,0.0,23.82725866700639,-721.649664,0.9615384615384616,0.9605921855921857,0.9605921855921857,ok,
PigArtPressure,hydra,42,104,208,2000,52,5.237781500007259,0.0,5.239062541979365,640.0081920000002,0.9855769230769231,0.9848595848595849,0.9848595848595849,ok,
PigArtPressure,mrsqm,42,104,208,2000,52,24.191939582990017,0.0,24.1924754169886,-1712.6522879999998,0.9855769230769231,0.9857753357753357,0.9857753357753357,ok,
PigCVP,hydra,42,104,208,2000,52,5.506259417015826,0.0,5.507674332999159,1844.330496,0.9663461538461539,0.9653998778998779,0.9653998778998779,ok,
PigCVP,mrsqm,42,104,208,2000,52,23.92162616699352,0.0,23.922141250019195,176.2263039999998,0.9471153846153846,0.9498778998778997,0.9498778998778997,ok,
PLAID,hydra,42,537,537,1345,11,15.641972250014078,0.0,15.6433007500018,1922.1872640000001,0.8621973929236499,0.8106159988314677,0.8569270708459763,ok,
PLAID,mrsqm,42,537,537,1345,11,55.60375500001828,0.0,55.604517667001346,-3592.51968,0.851024208566108,0.7898288397253439,0.8431904410274609,ok,
Plane,hydra,42,105,105,144,7,0.307368875015527,0.0,0.30854649998946115,41.87750399999959,1.0,1.0,1.0,ok,
Plane,mrsqm,42,105,105,144,7,1.2401609999942593,0.0,1.240449125005398,18.644992000000002,1.0,1.0,1.0,ok,
PowerCons,hydra,42,180,180,144,2,0.5124778340104967,0.0,0.5135155830066651,70.7297279999998,0.9722222222222222,0.97222136485694,0.97222136485694,ok,
PowerCons,mrsqm,42,180,180,144,2,2.0011342499929015,0.0,2.001556167000672,47.67744000000039,0.95,0.9499984567424921,0.9499984567424921,ok,
ProximalPhalanxOutlineCorrect,hydra,42,600,291,80,2,0.8132842920022085,0.0,0.8143467089976184,112.39424000000008,0.9072164948453608,0.8840825600094422,0.9031235679128522,ok,
ProximalPhalanxOutlineCorrect,mrsqm,42,600,291,80,2,2.204540166974766,0.0,2.2048499579832423,130.056192,0.9175257731958762,0.9002855511136494,0.9155310367566104,ok,
ProximalPhalanxOutlineAgeGroup,hydra,42,400,205,80,3,0.5170287910150364,0.0,0.5180748749990016,3.4242560000002413,0.8634146341463415,0.7894494737329601,0.865436708542904,ok,
ProximalPhalanxOutlineAgeGroup,mrsqm,42,400,205,80,3,1.6973653750028461,0.0,1.6975686659861822,9.961471999999958,0.8341463414634146,0.7380617340700645,0.836157243248277,ok,
ProximalPhalanxTW,hydra,42,400,205,80,6,0.5035865000099875,0.0,0.5045229580136947,0.18022400000018024,0.8,0.4992828531621634,0.7705464958366556,ok,
ProximalPhalanxTW,mrsqm,42,400,205,80,6,1.6270695000130218,0.0,1.6273606249887962,8.617983999999979,0.8,0.5003211755077427,0.7760320979833175,ok,
RefrigerationDevices,hydra,42,375,375,720,3,5.28478124999674,0.0,5.285798249999061,781.4676480000003,0.49333333333333335,0.48934894589377653,0.48934894589377653,ok,
RefrigerationDevices,mrsqm,42,375,375,720,3,19.605218916985905,0.0,19.605690458003664,48.33279999999968,0.6293333333333333,0.6308782508819427,0.6308782508819427,ok,
Rock,hydra,42,20,50,2844,4,2.1897134169994388,0.0,2.191235125006642,1.9660800000001473,0.92,0.9193970503181029,0.9202955465587044,ok,
Rock,mrsqm,42,20,50,2844,4,8.421427875000518,0.0,8.42200383299496,100.3847679999999,0.92,0.9193970503181029,0.9202955465587044,ok,
ScreenType,hydra,42,375,375,720,3,5.09586487498018,0.0,5.096966709010303,0.3768320000008316,0.5013333333333333,0.5005748712199294,0.5005748712199294,ok,
ScreenType,mrsqm,42,375,375,720,3,19.07234137499472,0.0,19.07285216700984,30.29401599999983,0.5813333333333334,0.5815196838091069,0.5815196838091069,ok,
SemgHandGenderCh2,hydra,42,300,600,1500,2,14.236289916996611,0.0,14.237661374994786,3264.528384,0.8283333333333334,0.8170509681793019,0.8306806710499438,ok,
SemgHandGenderCh2,mrsqm,42,300,600,1500,2,52.255405541014625,0.0,52.255919416988036,-4253.908992,0.855,0.8431372549019608,0.856078431372549,ok,
SemgHandMovementCh2,hydra,42,450,450,1500,6,13.16334425000241,0.0,13.164649749989621,2420.391936,0.4666666666666667,0.46733168104109096,0.467331681041091,ok,
SemgHandMovementCh2,mrsqm,42,450,450,1500,6,54.259600749996025,0.0,54.26024083298398,-1586.2497279999998,0.5822222222222222,0.5787904972240053,0.5787904972240053,ok,
SemgHandSubjectCh2,hydra,42,450,450,1500,5,13.144932333001634,0.0,13.146263083006488,1686.8474880000003,0.7666666666666667,0.7656315471160837,0.7656315471160837,ok,
SemgHandSubjectCh2,mrsqm,42,450,450,1500,5,53.980329625017475,0.0,53.98093558297842,-1717.6985600000003,0.8311111111111111,0.8306119809805225,0.8306119809805225,ok,
ShakeGestureWiimoteZ,hydra,42,50,50,385,10,0.40067354100756347,0.0,0.4016304160177242,19.873791999999867,0.92,0.9206099456099455,0.9206099456099457,ok,
ShakeGestureWiimoteZ,mrsqm,42,50,50,385,10,1.6707377919810824,0.0,1.6711711250245571,26.50931199999968,0.92,0.9164141414141413,0.9164141414141415,ok,
ShapeletSim,hydra,42,20,180,500,2,0.9618403339991346,0.0,0.9628197500132956,253.3785599999992,0.9833333333333333,0.9833287024173382,0.983328702417338,ok,
ShapeletSim,mrsqm,42,20,180,500,2,3.417684666987043,0.0,3.418180958018638,30.834687999999915,1.0,1.0,1.0,ok,
ShapesAll,hydra,42,600,600,512,60,5.612189834006131,0.0,5.613216375000775,758.3662080000004,0.925,0.9236635952514602,0.9236635952514606,ok,
ShapesAll,mrsqm,42,600,600,512,60,21.62351225002203,0.0,21.624016166984802,310.8536320000003,0.9466666666666667,0.9460511018224034,0.9460511018224037,ok,
SmallKitchenAppliances,hydra,42,375,375,720,3,5.141965250018984,0.0,5.142963749996852,32.65331200000037,0.8106666666666666,0.8096050469591326,0.8096050469591325,ok,
SmallKitchenAppliances,mrsqm,42,375,375,720,3,19.20651791698765,0.0,19.207045624993043,-1503.9856639999998,0.84,0.8391794871794872,0.8391794871794871,ok,
SmoothSubspace,hydra,42,150,150,15,3,0.041513208008836955,0.0,0.042667999980039895,0.18022400000018024,0.96,0.9599966663332999,0.9599966663332999,ok,
SmoothSubspace,mrsqm,42,150,150,15,3,0.16380866698455065,0.0,0.1638716250017751,2.5395199999998113,0.8466666666666667,0.8481159362136822,0.8481159362136822,ok,
SonyAIBORobotSurface1,hydra,42,20,601,70,2,0.50141516700387,0.0,0.5023534999927506,85.62278400000014,0.9201331114808652,0.9198292536517041,0.9205273054213986,ok,
SonyAIBORobotSurface1,mrsqm,42,20,601,70,2,1.2343100830039475,0.0,1.2345243330055382,10.502144000000044,0.8202995008319468,0.8201556057986434,0.8194361306321268,ok,
SonyAIBORobotSurface2,hydra,42,27,953,65,2,0.7091737080190796,0.0,0.7100339159951545,31.621120000000246,0.9401888772298006,0.9374332677961181,0.9405057723146741,ok,
SonyAIBORobotSurface2,mrsqm,42,27,953,65,2,1.6488370410224888,0.0,1.649111124977935,123.81388799999968,0.9317943336831059,0.9282433551690384,0.9319785825682698,ok,
StarLightCurves,hydra,42,1000,8236,1024,3,409.91066062499885,0.0,409.91176641601487,5435.392000000001,0.9814230208839242,0.9717983127820814,0.9810253781079795,ok,
StarLightCurves,mrsqm,42,1000,8236,1024,3,333.81051170799765,0.0,333.81169070801116,-2672.7383039999995,0.9815444390480816,0.9725067497161656,0.9813410931600886,ok,
Strawberry,hydra,42,613,370,235,2,3.418239332997473,0.0,3.424658875010209,-138.87078399999973,0.9756756756756757,0.9737172353372955,0.9757726281676746,ok,
Strawberry,mrsqm,42,613,370,235,2,8.41842616701615,0.0,8.418804709013784,133.25107200000002,0.972972972972973,0.9707500632431065,0.9730601459035558,ok,
SwedishLeaf,hydra,42,500,625,128,15,1.4668971660139505,0.0,1.4678184169752058,2.949120000000221,0.976,0.9761072240505483,0.9758371471811459,ok,
SwedishLeaf,mrsqm,42,500,625,128,15,5.144719834002899,0.0,5.145013625005959,-2035.5809279999994,0.9552,0.9555848884614798,0.9547375757900032,ok,
Symbols,hydra,42,25,995,398,6,4.6030733329826035,0.0,4.604199250024976,1276.9361920000001,0.978894472361809,0.9792164935978702,0.9789965909862184,ok,
Symbols,mrsqm,42,25,995,398,6,12.629270124976756,0.0,12.629659166996134,306.921472,0.978894472361809,0.9791479295653523,0.9789195914195702,ok,
SyntheticControl,hydra,42,300,300,60,6,0.43848229199647903,0.0,0.43937208302668296,15.106047999999646,0.9633333333333334,0.9631591128634865,0.9631591128634863,ok,
SyntheticControl,mrsqm,42,300,300,60,6,1.4609623749856837,0.0,1.461206834006589,19.185664000000543,0.9733333333333334,0.9733253301320529,0.9733253301320527,ok,
ToeSegmentation1,hydra,42,40,228,277,2,0.7139913330029231,0.0,0.7149677500128746,11.304960000000392,0.956140350877193,0.9561369757599076,0.9561572264636197,ok,
ToeSegmentation1,mrsqm,42,40,228,277,2,2.5002875829814,0.0,2.500684625003487,27.197439999999915,0.9736842105263158,0.973633490093285,0.973694354612922,ok,
ToeSegmentation2,hydra,42,36,130,343,2,0.5527811250067316,0.0,0.5538123330043163,34.242559999999685,0.8923076923076924,0.8317307692307692,0.8954142011834318,ok,
ToeSegmentation2,mrsqm,42,36,130,343,2,2.113477042003069,0.0,2.1138446670083795,26.345471999999972,0.9384615384615385,0.9089635854341737,0.9416505063563887,ok,
Trace,hydra,42,100,100,275,4,0.5270820829900913,0.0,0.5280427499965299,0.0,1.0,1.0,1.0,ok,
Trace,mrsqm,42,100,100,275,4,2.078459041978931,0.0,2.078842499991879,23.560191999999915,1.0,1.0,1.0,ok,
TwoLeadECG,hydra,42,23,1139,82,2,1.1535752500058152,0.0,1.1544487919891253,81.33017600000039,0.9991220368744512,0.9991220368744512,0.9991220368744512,ok,
TwoLeadECG,mrsqm,42,23,1139,82,2,2.3707702920073643,0.0,2.3710255839978345,21.217279999999846,0.9956101843722563,0.9956101708371972,0.9956101640696676,ok,
TwoPatterns,hydra,42,1000,4000,128,4,7.927348290977534,0.0,7.92823329201201,2214.2156799999993,0.986,0.9860323304610914,0.9859893530687305,ok,
TwoPatterns,mrsqm,42,1000,4000,128,4,18.462814415979665,0.0,18.46314720797818,-1076.4451840000002,0.9975,0.9975085803054409,0.9975002458900284,ok,
UMD,hydra,42,36,144,150,3,0.27892241699737497,0.0,0.28004199999850243,0.6389759999992748,0.9861111111111112,0.9861103575088924,0.9861103575088924,ok,
UMD,mrsqm,42,36,144,150,3,1.0774109999765642,0.0,1.0777430000016466,15.679487999999765,0.9652777777777778,0.9654968242819706,0.9654968242819706,ok,
UWaveGestureLibraryAll,hydra,42,896,3582,945,8,38.88470125000458,0.0,38.88585620801314,4698.406912,0.9734785036292574,0.9732585758858217,0.9734231117187656,ok,
UWaveGestureLibraryAll,mrsqm,42,896,3582,945,8,139.10761262499727,0.0,139.10844224999892,-9134.112768,0.948073701842546,0.9478839451601058,0.9480163371213575,ok,
UWaveGestureLibraryX,hydra,42,896,3582,315,8,13.378749291005079,0.0,13.380657208996126,4909.105152,0.8573422668900056,0.8532324964409437,0.8547051253881247,ok,
UWaveGestureLibraryX,mrsqm,42,896,3582,315,8,40.423377875005826,0.0,40.423832417000085,-1958.6416639999998,0.8422668900055835,0.8395180317741459,0.8410406497205063,ok,
UWaveGestureLibraryY,hydra,42,896,3582,315,8,13.087407542014262,0.0,13.08848408301128,2700.3289600000007,0.7984366275823562,0.7964024006082038,0.7963159187057636,ok,
UWaveGestureLibraryY,mrsqm,42,896,3582,315,8,40.81228466698667,0.0,40.81261108300532,-3527.7537280000006,0.7800111669458403,0.7773465621457838,0.776969090951593,ok,
UWaveGestureLibraryZ,hydra,42,896,3582,315,8,13.266060207999544,0.0,13.26715183298802,3700.391936000001,0.8009491903964265,0.7973432433282948,0.7963867906987073,ok,
UWaveGestureLibraryZ,mrsqm,42,896,3582,315,8,40.68377025000518,0.0,40.68428312501055,-3896.049664,0.7975991066443328,0.7952176039447962,0.7942175091043103,ok,
Wafer,hydra,42,1000,6164,152,2,11.685572457994567,0.0,11.686596167011885,3486.040064,1.0,1.0,1.0,ok,
Wafer,mrsqm,42,1000,6164,152,2,30.504944292013533,0.0,30.50523345801048,-1685.2582399999992,1.0,1.0,1.0,ok,
Wine,hydra,42,57,54,234,2,0.2541627500031609,0.0,0.2552927910001017,0.6225919999997132,0.8888888888888888,0.8888888888888888,0.8888888888888888,ok,
Wine,mrsqm,42,57,54,234,2,1.0745028749806806,0.0,1.074715541995829,9.486335999999937,0.8333333333333334,0.8328173374613003,0.8328173374613003,ok,
WordSynonyms,hydra,42,267,638,270,25,2.4633906669914722,0.0,2.4643693329999223,103.00620799999979,0.7445141065830722,0.6150125039719267,0.722018848122313,ok,
WordSynonyms,mrsqm,42,267,638,270,25,7.67122866702266,0.0,7.6716285419825,-462.3564800000004,0.6865203761755486,0.541305887216255,0.6558453715394322,ok,
Worms,hydra,42,181,77,900,5,2.0978393749974202,0.0,2.098857874982059,135.88889599999948,0.7402597402597403,0.720915833025422,0.729532764572793,ok,
Worms,mrsqm,42,181,77,900,5,9.39569741699961,0.0,9.396165791986277,43.646975999999995,0.7142857142857143,0.6679320679320678,0.6969696969696969,ok,
WormsTwoClass,hydra,42,181,77,900,2,2.0468667079985607,0.0,2.0478835419926327,0.19660799999928713,0.7662337662337663,0.7629958960328318,0.766953292945085,ok,
WormsTwoClass,mrsqm,42,181,77,900,2,9.326690374989994,0.0,9.32708291700692,42.54924800000026,0.7792207792207793,0.7778720515866282,0.7803447189159051,ok,
Yoga,hydra,42,300,3000,426,2,12.2432402499835,0.0,12.244311541988282,3277.7338879999998,0.9326666666666666,0.9322754898963077,0.9326426470404167,ok,
Yoga,mrsqm,42,300,3000,426,2,40.59094562500832,0.0,40.591377333010314,-3137.372159999999,0.916,0.9155205698472799,0.9159745435317139,ok,
